:020000040800F2
:1000000038BB0124B5030008B19D0008B98400087D
:10001000A99D0008610C0008F1C400080000000060
:10002000000000000000000000000000D1AB00084C
:10003000791200080000000061A7000801AC000868
:10004000D3030008D3030008D3030008D303000838
:10005000D3030008D3030008D3030008D303000828
:10006000D3030008D3030008D3030008610D000880
:10007000710D0008810D0008D3030008910D0008E0
:10008000A10D0008D3030008D303000841130008A2
:10009000611300085113000871130008D30300080E
:1000A000D3030008D3030008D3030008D3030008D8
:1000B000D9AD0008D3030008D3030008D303000818
:1000C000D3030008D3030008D3030008D3030008B8
:1000D000D9AA0008F1C1000811C30008D303000821
:1000E000D3030008D303000800000000E9AD0008B6
:1000F000D3030008D3030008D3030008D303000888
:10010000D3030008D3030008D3030008D303000877
:10011000D3030008D3030008D3030008D303000867
:10012000B10D0008C10D0008D3030008D303000877
:10013000D3030008D3030008D3030008D303000847
:1001400000000000000000000000000000000000AF
:10015000D3030008D3030008D3030008D303000827
:10016000D3030008D3030008D3030008D303000817
:10017000D3030008D3030008D303000800000000E5
:10018000D3030008D3030008D3030008D3030008F7
:10019000D3030008D3030008D3030008D3030008E7
:1001A000D3030008D3030008D303000800000000B5
:1001B000D3030008D3030008D3030008D3030008C7
:1001C000D3030008D3030008000000000000000073
:1001D0000000000000000000D30300080000000041
:1001E000000000000000000000000000000000000F
:1001F0000000000000000000D3030008D303000843
:10020000D3030008D303000800000000D303000854
:10021000D3030008D3030008D3030008D303000866
:10022000D303000800000000D30300080000000012
:10023000D3030008D303000800000000D303000824
:10024000D3030008D3030008D3030008D303000836
:10025000D3030008D3030008D3030008D303000826
:10026000D3030008D3030008D3030008D303000816
:10027000D3030008D3030008D303000800000000E4
:10028000D3030008D3030008D3030008D3030008F6
:1002900000000000D3030008D303000800000000A2
:1002A00000000000D3030008D3030008D3030008B4
:1002B000D3030008D3030008D30300088113000808
:1002C00091130008D3030008D303000800F002F8DC
:1002D00000F060F80AA090E8000C82448344AAF180
:1002E0000107DA4501D100F055F8AFF2090EBAE87E
:1002F0000F0013F0010F18BFFB1A43F0010318475A
:1003000030FC000050FC00000A444FF0000C10F8D4
:10031000013B13F0070408BF10F8014B1D1108BF83
:1003200010F8015B641E05D010F8016B641E01F823
:10033000016BF9D113F0080F1EBF10F8014BAD1C73
:100340000C1B09D16D1E58BF01F801CBFAD505E091
:1003500014F8016B01F8016B6D1EF9D59142D6D3EB
:10036000704700000023002400250026103A28BF13
:1003700078C1FBD8520728BF30C148BF0B60704717
:100380001FB50EF023FF9DE8030000F0E5F91FBD47
:1003900010B510BD00F03CFA1146FFF7F1FF0DF06B
:1003A000C7FC00F05AFA03B4FFF7F2FF03BC00F0F9
:1003B0008BFA00000A4880470A4880470A480047ED
:1003C000FEE7FEE7FEE7FEE7FEE7FEE7FEE7FEE705
:1003D000FEE7FEE705480649064A074B704700005E
:1003E0001113000801AD0008CD02000838A3012454
:1003F00038BB012438AB012438AB012470B5064664
:1004000000F08EF9056806F10B0020F00704B442F5
:100410009CBF002070BD2B466A68BAB11068A0422C
:1004200010D304F1080188423CBF5068586007D3DC
:100430005168101941601168091B0160586014600F
:10044000101D70BD13465268002AE7D12146284688
:1004500000F06EF90028DED170BD70B50446051FAE
:1004600000F05EF90068002C14BF446870BD002CD9
:1004700018BFAC423CBF20466468F8D301680A1834
:10048000AA4218BF456003D12A680546114401609D
:1004900028684119A1421CBF6C6070BD6168696029
:1004A00021680844286070BD53EA020C00F069809E
:1004B0002DE9F04B4FF00006002B1FBFB3FA83F578
:1004C00003FA05F424FA05F65E4012BF1643B2FAA9
:1004D00082F502FA05F4C5F120051EBF22FA05FCDB
:1004E00044EA0C04203556EA044C4FEA144418BF81
:1004F000641C4FF000084FF00009904271EB030CB0
:1005000039D3002919BFB1FA81F701FA07F6B0FA19
:1005100080F700FA07F6C7F120071EBF20FA07FC94
:1005200046EA0C062037B6FBF4FCA7EB0507103FA4
:1005300007F01F0BCBF120062CFA06F60CFA0BFB8A
:1005400044BFB3460026202FA4BF5E464FF0000BE9
:100550005BEA060C08BF4FF0010B19EB0B0948EBE7
:100560000608ABFB027C06FB02CC0BFB03CCC01BDA
:1005700071EB0C01C1E70B46024641464846BDE817
:10058000F08B13B5084318BF4FF0FF300146AFF3AF
:100590000080BDE81C407047032A40F2308010F014
:1005A000030C00F0158011F8013BBCF1020F62440E
:1005B00098BF11F801CB00F8013B38BF11F8013B9F
:1005C000A2F1040298BF00F801CB38BF00F8013B4C
:1005D00011F0030300F02580083AC0F0088051F8BC
:1005E000043B083A51F804CBA0E80810F5E7121DC7
:1005F0005CBF51F8043B40F8043BAFF30080D207E6
:1006000024BF11F8013B11F801CB48BF11F8012BB1
:1006100024BF00F8013B00F801CB48BF00F8012BD4
:10062000704710B5203AC0F00B80B1E81850A0E830
:100630001850B1E81850A0E81850203ABFF4F5AFB0
:100640005FEA027C24BFB1E81850A0E8185044BF0C
:1006500018C918C0BDE810405FEA827C24BF51F879
:10066000043B40F8043B08BF7047D20728BF31F86D
:10067000023B48BF11F8012B28BF20F8023B48BFBE
:1006800000F8012B70474FF000020429C0F01280DF
:1006900010F0030C00F01B80CCF1040CBCF1020F35
:1006A00018BF00F8012BA8BF20F8022BA1EB0C010A
:1006B00000F00DB85FEAC17C24BF00F8012B00F800
:1006C000012B48BF00F8012B70474FF0000200B526
:1006D000134694469646203922BFA0E80C50A0E865
:1006E0000C50B1F12001BFF4F7AF090728BFA0E813
:1006F0000C5048BF0CC05DF804EB890028BF40F8DF
:10070000042B08BF704748BF20F8022B11F0804F20
:1007100018BF00F8012B7047704770477047000002
:100720000048704750010024704770477047704779
:1007300038B504460A4600206946AFF30080002819
:1007400008BF38BD02460099204600F03FF801205E
:1007500038BD012000F054B8F8B5AFF3008005466D
:1007600000200C46102000BF0646A819A0420DD953
:10077000324669460020AFF30080070008BF00F052
:100780003FF80098A04218BF0546C419FFF7C8FFFC
:1007900005600746F01D20F007004619284600F0C6
:1007A0000AF8B44208BFF8BDA21B31463868BDE85C
:1007B000F84000F00BB800210160C0E9011070475B
:1007C00010207047004870474801002403464068E5
:1007D0008C46002818BF88423CBF03464068F8D3C7
:1007E00018681844884207D00CF1030020F0070075
:1007F000001D411A521A0146081D0A60FFF72DBE5E
:1008000010B500F039F8BDE8104000F02FB870477F
:100810007546FFF7D7FFAE4605006946534620F000
:100820000700854618B020B5FFF7D4FDBDE820408D
:100830004FF000064FF000074FF000084FF0000B9C
:10084000AC46ACE8C009ACE8C009ACE8C009ACE80B
:10085000C00921F007018D46704710B50446AFF37B
:1008600000802046BDE81040FFF79DBD002801D064
:1008700000F02AB87047000010B5012805D000210B
:1008800003A000F027F8012010BD09A1F8E700003F
:1008900053494752544D454D3A204F7574206F6669
:1008A0002068656170206D656D6F727900000000D1
:1008B0003A2048656170206D656D6F727920636FB5
:1008C000727275707465640001491820ABBEFEE752
:1008D0002600020070B505460C460A2000E06D1C9B
:1008E00000F011F835B128780028F8D102E0641C36
:1008F00000F009F814B120780028F8D1BDE8704064
:100900000A20AFF3008008B569468DF80000032087
:10091000ABBE08BD0000000080B541F2381049F6BA
:10092000D871C2F20040C2F201414FF4807206F069
:1009300043FF40F6684040F20F41C2F20040C4F26B
:100940000201006888426FF0080111DC6F22C4F2D6
:100950000202904222DC3F22C4F20202904239DCC1
:100960001022C4F2020290425CD0282254E000BF60
:1009700040F26F42C4F2020290421BDC40F23F425E
:10098000C4F2020290422DDC40F21042C4F2020294
:10099000904247D040F228423EE000BF9F22C4F27E
:1009A0000202904228DC7022C4F20202904239D046
:1009B000882231E040F29F42C4F20202904223DCDE
:1009C00040F27042C4F2020290422BD040F28842C0
:1009D00022E000BF4022C4F20202904222D05822FC
:1009E0001AE000BF40F24042C4F20202904219D025
:1009F00040F2584210E000BFA022C4F2020290422E
:100A000010D0B82208E000BF40F2A042C4F20202B7
:100A1000904207D040F2B842C4F20202904218BF9E
:100A20006FF0040102681140016080BD0000000009
:100A3000B0B549F6D870C2F201400178AA294DD16B
:100A400090F83F10FE2918BFB0BD40F27062B0F8B8
:100A50000110C2F2004240F24835C2F20045518115
:100A6000B0F80310A2F8CA10B0F805102C46A2F88E
:100A70008A11B0F8071090F83E00A2F84A12687088
:100A8000AB2004F80C0F5088A5F80D00B2F8C20096
:100A9000A5F80F00B2F88201A5F81100B2F84202E1
:100AA00040F2CC31A5F8130005F11500C2F2004167
:100AB0001C22FFF771FDA878402285F84A00FD202E
:100AC00085F84B0041F23810C2F200400121297034
:100AD0002146BDE8B04007F07BBC00BFB0BD0000C0
:100AE00040F600000121C5F60200012203F074BAAD
:100AF00040F600000121C5F60200002203F06CBAA6
:100B0000704700000000000040F600000821C5F614
:100B10000200012203F060BA40F600000821C5F689
:100B20000200002203F058BA7047000000000000E5
:100B300010B5002808BF10BD4EF2180145F2003C68
:100B4000CEF20001C0F2070C03E000BF013802043E
:100B50001AD051F804EC0B68002208E01A44A342B2
:100B6000A2EB0402234698BF72446245EED20C68A1
:100B7000A342F3D10C68A34204BF0C68A342EDD199
:100B80000C68A342F3D0E9E710BD000000000000AC
:100B900080B54EF21801C0EB0010CEF200014FEA12
:100BA000401E002351F804CC0A6808E01344824236
:100BB000A3EB0003024698BF634473450CD2086858
:100BC0008242F3D10868824204BF08688242EDD1B4
:100BD00008688242F3D0E9E780BD00000000000011
:100BE00010B5FFF78DFFFFF79FFF0CF06DFE044679
:100BF0000CF092FF204310BD80B582B08DF8070045
:100C000040F63870C2F200400DF107010DF1060206
:100C100001234FF47A7CCDF800C005F001FA9DF86D
:100C2000060002B080BD000010B540F6C07004217F
:100C3000C2F2004006F0F8F941F2CC143221C2F2BF
:100C40000044204609F00CFE41F2E0110422C2F2F9
:100C500000412046BDE8104009F0B6BD000000008C
:100C6000FEE700000000000070B58AB040F658555D
:100C700002ACC2F200450026022004900120214669
:100C8000CDE9050628460796CDE9026602F0A8F9E7
:100C90000221022200232846009602F0E9F90121F0
:100CA0000022284602F0A4F84FF0007100222846E6
:100CB00002F09EF801210122284602F05DF9284643
:100CC00003F06EF840F6F8552146C2F2004528467A
:100CD00002F086F90221022200232846009602F043
:100CE000C7F901210122284602F046F9012100221C
:100CF000284602F07DF84FF000710022284602F0ED
:100D000077F8284603F04CF840F698652146C2F281
:100D10000045284602F064F90221022200232846F9
:100D2000009602F0A5F901210122284602F024F9DB
:100D300001210022284602F05BF84FF000710022EA
:100D4000284602F055F8284603F02AF80AB070BD8C
:100D5000018000994280838081717047000000000B
:100D600040F61020C2F2004000F012BF0000000068
:100D700040F68820C2F2004000F00ABF00000000E8
:100D800040F60030C2F2004000F002BF0000000058
:100D900040F66840C2F2004000F0FABE00000000D9
:100DA00040F6E040C2F2004000F0F2BE0000000059
:100DB00040F67830C2F2004000F0EABE00000000C9
:100DC00040F6F030C2F2004000F0E2BE0000000049
:100DD00040F20F42D0F800C0C4F20202944511DC88
:100DE0006F22C4F20202944522DC3F22C4F20202C6
:100DF000944539DC1022C4F2020294455AD02822CC
:100E000054E000BF40F26F42C4F2020294451BDC82
:100E100040F23F42C4F2020294452DDC40F21042FF
:100E2000C4F20202944545D040F228423EE000BFA1
:100E30009F22C4F20202944528DC7022C4F202020E
:100E4000944537D0882231E040F29F42C4F202023A
:100E5000944523DC40F27042C4F20202944529D04A
:100E600040F2884222E000BF4022C4F202029445D0
:100E700020D058221AE000BF40F24042C4F20202E1
:100E8000944517D040F2584210E000BFA022C4F2AF
:100E9000020294450ED0B82208E000BF40F2B842EA
:100EA000C4F20202944505D040F2A042C4F202020C
:100EB000944517D10CF0F8024AF6AB23103ACAF663
:100EC000AA23A2FB03310AA35F2AC1F302115B5CD0
:100ED00040F2FF312CEA0101C36588BF043181650E
:100EE000084670472CF0FF0181650846704700BF37
:100EF000000610160006101670B540F26F44D0F8C8
:100F000000C0C4F20204D0F858E0A4451ADC9F25C2
:100F1000C4F20205AC4533DC5725C4F20205AC45EA
:100F20005ADC1025C4F20205AC4500F09880282553
:100F3000C4F20205AC4500F092804025C4F20205DF
:100F40008AE000BF45F22F45C5F60205AC452DDC11
:100F500040F2B745C4F20205AC454BDC40F27045A7
:100F6000C4F20205AC457AD040F28845C4F20205CD
:100F7000AC4574D040F2A045C4F202056CE000BF5D
:100F800040F22745C4F20205AC4543DCA025C4F27B
:100F90000205AC4563D0B825C4F20205AC455ED06D
:100FA00040F21045C4F2020556E000BF45F26B4521
:100FB000C5F60205AC453FDC45F23045C5F60205F5
:100FC000AC454CD045F24445C5F60205AC4546D08B
:100FD00045F258453EE000BF5825C4F20205AC4535
:100FE0003DD07025C4F20205AC4538D08825C4F246
:100FF000020531E040F2B845C4F20205AC452ED0FE
:1010000045F20845C5F60205AC4528D045F21C4519
:1010100020E000BF40F22845C4F20205AC451ED0D6
:1010200040F24045C4F20205AC4518D040F25845A4
:10103000C4F2020510E000BF45F26C45C5F602059A
:10104000AC450CD045F29445C5F60205AC4506D03A
:1010500045F28045C5F60205AC4540F0D580456EA9
:10106000C66E002E866E6E601CBFD0E91C566E6088
:10107000A44515DC9F24C4F20204A4452CDC5724AB
:10108000C4F20204A44551DC1024C4F20204A445B5
:101090007AD02824C4F20204A44575D040246FE01D
:1010A00045F22F44C5F60204A44529DC40F2B744BA
:1010B000C4F20204A44545DC40F27044C4F20204C8
:1010C000A44561D040F28844C4F20204A4455BD038
:1010D00040F2A04454E000BF40F22744C4F20204AE
:1010E000A4453FDCA024C4F20204A4454CD0B8249B
:1010F000C4F20204A44547D040F2104440E000BFCF
:1011000045F26B44C5F60204A44555DC45F2304473
:10111000C5F60204A44561D045F24444C5F6020474
:10112000A4455BD045F2584454E000BF5824C4F2B3
:101130000204A44528D07024C4F20204A44523D09C
:1011400088241DE040F2B844C4F20204A4451BD038
:1011500045F20844C5F60204A4453FD045F21C44BC
:1011600038E000BF40F22844C4F20204A4450BD08A
:1011700040F24044C4F20204A44505D040F2584471
:10118000C4F20204A4453FD18468C06D00F01F0082
:101190003F2505FA00F0CEF80800DCF80000402CEE
:1011A00020F48020CCF80000CCF8043023D0CCF818
:1011B0000810CCF80C2070BD45F26C44C5F6020452
:1011C000A4450BD045F28044C5F60204A44505D0E1
:1011D00045F29444C5F60204A44515D1C46D806857
:1011E00004F01F040125402805FA04F4CEF8044059
:1011F000CCF8043004D1CCF80820CCF80C1070BD29
:10120000CCF80810CCF80C2070BD000000000000E5
:1012100080B54EF6FC514FF0000CCEF200010A688A
:1012200042F080720A6041F2000144F24022CEF2A4
:101230000001C0F20F02504344F6D352C1F804C07B
:10124000C1F262020B68A0FB022E4DF6836243F0EE
:1012500001030B6040F2E821C4F21B32C2F20041EC
:10126000A0FB022308604FEA9E104860980CC1E979
:10127000020C80BD0000000070470000000000006C
:1012800040F670106422C2F2004000210260426108
:101290008262C2630265012280F858204FF4FA721C
:1012A0008267C0F88C2048F6E1720172C0F6000235
:1012B000C0E903110177C0E9081180F83010C0E9D6
:1012C0000D1180F84410C0E91211C0E9171180F81F
:1012D0008010C0E9211180F89410C0E926217047E0
:1012E00010B5044602F080FE04EB840140F6701253
:1012F000C2F2004202EB8101486010BD0000000014
:10130000EFF3108072B600BFFEE70000000000009F
:1013100044F60400C5F60200816841F002018160D4
:101320000168890409D4016889045CBF01685FEA27
:10133000814102D401688904F2D5704700000000A1
:1013400040F65850C2F2004002F016B8000000000B
:1013500040F65850C2F2004002F00EB80000000003
:1013600040F6F850C2F2004002F006B8000000005B
:1013700040F6F850C2F2004001F0FEBF000000004D
:1013800040F69860C2F2004001F0F6BF0000000095
:1013900040F69860C2F2004001F0EEBF000000008D
:1013A0002DE9F041044602F01FFE1CB3054694F8F7
:1013B0003500022822D140F20F462768C4F2020607
:1013C00040F26F48B7426FF00E00C4F202081DDC15
:1013D0006F21C4F202018F422ADC3F21C4F20201D4
:1013E0008F4241DC1021C4F202018F4263D02821D8
:1013F0005CE000BF0120BDE8F08100BF8020606597
:101400000120002184F83410BDE8F08147451BDC41
:1014100040F23F41C4F202018F422DDC40F2104104
:10142000C4F202018F4246D040F228413EE000BFA4
:101430009F21C4F202018F4228DC7021C4F2020114
:101440008F4238D0882131E040F29F41C4F202013E
:101450008F4223DC40F27041C4F202018F422AD055
:1014600040F2884122E000BF4021C4F202018F42D5
:1014700021D058211AE000BF40F24041C4F20201DD
:101480008F4218D040F2584110E000BFA021C4F2B2
:1014900002018F420FD0B82108E000BF40F2B841EE
:1014A000C4F202018F4206D040F2A041C4F2020110
:1014B0008F42394607D13946386820F01E0041F87E
:1014C000140B6FF080000A68474500EA02000860CC
:1014D0001ADC9F20C4F20200874233DC5720C4F29A
:1014E000020087425ADC1020C4F20200874200F05A
:1014F00097802820C4F20200874200F091804020AB
:10150000C4F202008AE000BF45F22F40C5F6020097
:1015100087422DDC40F2B740C4F2020087424BDC28
:1015200040F27040C4F20200874279D040F2884015
:10153000C4F20200874273D040F2A040C4F202001D
:101540006CE000BF40F22740C4F20200874243DC57
:10155000A020C4F20200874262D0B820C4F2020088
:1015600087425DD040F21040C4F2020056E000BF56
:1015700045F26B40C5F6020087423FDC45F2304041
:10158000C5F6020087424BD045F24440C5F6020042
:10159000874245D045F258403EE000BF5820C4F293
:1015A000020087423CD07020C4F20200874237D04C
:1015B0008820C4F2020031E040F2B840C4F20200D8
:1015C00087422DD045F20840C5F60200874227D059
:1015D00045F21C4020E000BF40F22840C4F2020067
:1015E00087421DD040F24040C4F20200874217D02B
:1015F00040F25840C4F2020010E000BF45F26C40D7
:10160000C5F6020087420BD045F29440C5F60200B1
:10161000874205D045F28040C5F60200874204D1DA
:10162000206E016821F480710160386820F00100AB
:10163000386000BF3868C00710D002F0D5FC401BEE
:101640000628F7D320206065032084F835000120A8
:10165000002184F83410BDE8F08100BF2068B0425A
:1016600010DC6F21C4F2020188421DDC3F21C4F26C
:101670000201884234DC1021C4F20201884255D0B4
:1016800028214FE040451BDC40F23F41C4F20201FB
:1016900088422DDC40F21041C4F20201884245D05C
:1016A00040F228413EE000BF9F21C4F2020188427F
:1016B00028DC7021C4F20201884237D0882131E051
:1016C00040F29F41C4F20201884223DC40F27041A3
:1016D000C4F20201884229D040F2884122E000BFD2
:1016E0004021C4F20201884220D058211AE000BFF4
:1016F00040F24041C4F20201884217D040F2584102
:1017000010E000BFA021C4F2020188420ED0B8212F
:1017100008E000BF40F2B841C4F20201884205D09F
:1017200040F2A041C4F2020188425BD1D4E9161212
:1017300002F01F023F2303FA02F28A6040455BDC9D
:101740009F21C4F20201884214DC5721C4F2020135
:10175000884227DC1021C4F20201884200F0A280F6
:101760002821C4F20201884200F09C804021C4F28A
:10177000020195E040F22741C4F2020188421FDCD9
:10178000A021C4F20201884200F08C80B821C4F28A
:101790000201884200F0868040F21041C4F202014A
:1017A0007EE000BF5821C4F2020188427AD0702145
:1017B000C4F20201884275D08821C4F202016FE0B0
:1017C00040F22841C4F2020188426BD040F240410D
:1017D000C4F20201884265D040F25841C4F20201CD
:1017E0005EE000BFD4E9161202F01F02012303FAE3
:1017F00002F24A604045A3DD45F22F41C5F60201E1
:10180000884217DC40F2B741C4F20201884227DC6B
:1018100040F27041C4F20201884243D040F2884154
:10182000C4F2020188423DD040F2A041C4F202015C
:1018300036E000BF45F26B41C5F6020188421FDC6D
:1018400045F23041C5F6020188422BD045F24441B1
:10185000C5F60201884225D045F258411EE000BF7E
:1018600040F2B841C4F2020188421BD045F208415F
:10187000C5F60201884215D045F21C410EE000BFBA
:1018800045F26C41C5F6020188420BD045F2944105
:10189000C5F60201884205D045F28041C5F6020135
:1018A00088420BD1616EA26EE06E4A6030B1016871
:1018B00021F480710160D4E91C014160012084F8A9
:1018C00035000020002184F83410BDE8F0810000CC
:1018D00080B5D8B190F83510022919D140F20F42E5
:1018E0000168C4F20202914216DC6F23C4F20203C3
:1018F000994227DC3F23C4F2020399423EDC1023C5
:10190000C4F2020399425FD0282359E0012080BD30
:1019100080214165012080BD40F26F43C4F2020383
:1019200099421BDC40F23F43C4F2020399422DDC92
:1019300040F21043C4F20203994245D040F22843DA
:101940003EE000BF9F23C4F20203994228DC7023CB
:10195000C4F20203994237D0882331E040F29F431A
:10196000C4F20203994223DC40F27043C4F2020342
:10197000994229D040F2884322E000BF4023C4F2BC
:101980000203994220D058231AE000BF40F240439E
:10199000C4F20203994217D040F2584310E000BF4E
:1019A000A023C4F2020399420ED0B82308E000BF7E
:1019B00040F2B843C4F20203994205D040F2A0437A
:1019C000C4F20203994275D191424FF0040280F8AB
:1019D000352011DC6F20C4F20200814222DC3F205E
:1019E000C4F20200814239DC1020C4F202008142BC
:1019F00059D0282054E000BF40F26F40C4F20200EA
:101A000081421BDC40F23F40C4F2020081422DDCE7
:101A100040F21040C4F20200814244D040F228401B
:101A20003EE000BF9F20C4F20200814228DC70200B
:101A3000C4F20200814236D0882031E040F29F405B
:101A4000C4F20200814223DC40F27040C4F2020082
:101A5000814228D040F2884022E000BF4020C4F2FA
:101A6000020081421FD058201AE000BF40F24040DF
:101A7000C4F20200814216D040F2584010E000BF8C
:101A8000A020C4F2020081420DD0B82008E000BFBF
:101A900040F2B840C4F20200814204D040F2A040BB
:101AA000C4F202008142086820F0010008600020B2
:101AB00080BD00BF0A6822F00E020A6045F257425C
:101AC000C5F6020291420A6822F001020A600FDCA8
:101AD00045F22F42C5F60202914219DC45F2084256
:101AE000C5F60202914229D045F21C4222E000BF15
:101AF00045F27F42C5F60202914213DC45F258429C
:101B0000C5F60202914219D045F26C4212E000BFC4
:101B100045F23042C5F6020291420FD045F24442EE
:101B200008E000BF45F29442C5F60202914205D09A
:101B300045F28042C5F6020291421AD1D0E9181C42
:101B4000D0E916E30A6822F480720A6003F01F01EC
:101B5000012202FA01F1CEF80410816ECCF80410D3
:101B6000C16E31B10A6822F480720A60D0E91C1299
:101B70004A60012180F83510026D002180F8341090
:101B80000AB190470021084680BD00000000000017
:101B90002DE9F04782B00021019140F2A8010446EE
:101BA000C2F2004148F2B512C1F64E32A56D096885
:101BB00040F26F490068C4F20209A1FB02184845CF
:101BC0002E68296816DC9F21C4F2020188422DDCB0
:101BD0005721C4F20201884252DC1021C4F20201F2
:101BE00088427CD02821C4F20201884277D040216B
:101BF00070E000BF45F22F42C5F60202904229DC98
:101C000040F2B742C4F20202904245DC40F2704119
:101C1000C4F20201884262D040F28841C4F202015B
:101C200088425CD040F2A04154E000BF40F227411E
:101C3000C4F2020188423FDCA021C4F202018842C2
:101C40004DD0B821C4F20201884248D040F2104180
:101C500040E000BF45F26B42C5F60202904275DCDF
:101C600045F23042C5F60202904200F0828045F211
:101C70004442C5F6020290427BD045F2584273E0DE
:101C80005821C4F20201884229D07021C4F2020115
:101C9000884224D088211DE040F2B842C4F20202FA
:101CA00090421CD045F20842C5F60202904260D034
:101CB00045F21C4258E000BF40F22841C4F2020144
:101CC00088420CD040F24041C4F20201884206D062
:101CD00040F25841C4F20201884240F05A83E16D5B
:101CE000082201F01F0140F20F4A8A40C4F2020AA2
:101CF000324200F0E68050454FF0040312DC6F27BB
:101D0000C4F20207B8426FDC3F27C4F20207B842B0
:101D100000F3A4801027C4F20207B84200F0C58087
:101D20002827BDE048456BDC40F23F47C4F202077C
:101D3000B84200F39B8040F21047C4F20207B84259
:101D400000F0B38040F22847AAE000BF45F26C42A1
:101D5000C5F6020290420CD045F28042C5F602025E
:101D6000904206D045F29442C5F60202904240F0FD
:101D700010830268E36D03F01F0304279F400F42A6
:101D800018BF12F0040621D102279F400F4218BF4E
:101D900012F002064CD1D940090740F1FA8212F044
:101DA000080100F0F682016821F00E0101600120B7
:101DB00000FA03F16960606584F835000020E16C89
:101DC00084F83400002940F0DC82E2E211046F6004
:101DD00026D4910603D4016821F004010160216C2E
:101DE000002940F0CE82D4E29F27C4F20207B84215
:101DF00046DC7027C4F20207B84256D088274FE06D
:101E000040F29F47C4F20207B84241DC40F27047FB
:101E1000C4F20207B84248D040F2884740E000BF11
:101E2000D00300F1B382A16C002940F0AA82B0E295
:101E300011046F6000F1B082910609D4016821F0AD
:101E40000A010160012084F83500002084F8340084
:101E5000E16B002940F095829BE200BF4027C4F26D
:101E60000207B84221D058271AE000BF40F240478D
:101E7000C4F20207B84218D040F2584710E000BF41
:101E8000A027C4F20207B8420FD0B82708E000BF6D
:101E900040F2A047C4F20207B84206D040F2B84769
:101EA000C4F20207B84218BF082307681F4208D0CF
:101EB000036823F004030360AA60626D42F001022C
:101EC000626501228A4032426FD0504510DC6F2398
:101ED000C4F2020398421DDC3F23C4F2020398427D
:101EE00034DC1023C4F20203984256D028234FE07A
:101EF00048451BDC40F23F43C4F2020398422DDC0C
:101F000040F21043C4F20203984246D040F2284304
:101F10003EE000BF9F23C4F20203984228DC7023F6
:101F2000C4F20203984238D0882331E040F29F4344
:101F3000C4F20203984223DC40F27043C4F202036D
:101F400098422AD040F2884322E000BF4023C4F2E6
:101F50000203984221D058231AE000BF40F24043C8
:101F6000C4F20203984218D040F2584310E000BF78
:101F7000A023C4F2020398420FD0B82308E000BFA8
:101F800040F2A043C4F20203984206D040F2B843A4
:101F9000C4F20203984240F0058243691B0604D54F
:101FA000AA60626D42F00202626504228A403242F7
:101FB0006FD0504510DC6F23C4F2020398421DDC41
:101FC0003F23C4F20203984234DC1023C4F202031C
:101FD000984256D028234FE048451BDC40F23F434F
:101FE000C4F2020398422DDC40F21043C4F2020313
:101FF000984246D040F228433EE000BF9F23C4F2FF
:102000000203984228DC7023C4F20203984238D0BD
:10201000882331E040F29F43C4F20203984223DC5C
:1020200040F27043C4F2020398422AD040F288433F
:1020300022E000BF4023C4F20203984221D058237B
:102040001AE000BF40F24043C4F20203984218D0A5
:1020500040F2584310E000BFA023C4F202039842AC
:102060000FD0B82308E000BF40F2A043C4F202033F
:10207000984206D040F2B843C4F20203984240F0BE
:10208000998103689B0704D5AA60626D42F004023F
:102090006265102202FA01F1314200F08180504560
:1020A0004FF0080210DC6F23C4F2020398421DDCDB
:1020B0003F23C4F20203984234DC1023C4F202032B
:1020C000984256D028234FE048451BDC40F23F435E
:1020D000C4F2020398422DDC40F21043C4F2020322
:1020E000984246D040F228433EE000BF9F23C4F20E
:1020F0000203984228DC7023C4F20203984238D0CD
:10210000882331E040F29F43C4F20203984223DC6B
:1021100040F27043C4F2020398422AD040F288434E
:1021200022E000BF4023C4F20203984221D058238A
:102130001AE000BF40F24043C4F20203984218D0B4
:1021400040F2584310E000BFA023C4F202039842BB
:102150000FD0B82308E000BF40F2A043C4F202034E
:10216000984206D040F2B843C4F20203984218BF26
:1021700004220368134213D0A9600168490301686F
:1021800008D4C90508D4016821F008010160216C58
:1021900021B905E008034FD4216C09B120468847D6
:1021A000E06D00F01F01202000FA01F2324200F041
:1021B000AB8020681023504510DC6F27C4F2020763
:1021C000B8421DDC3F27C4F20207B84238DC1027B2
:1021D000C4F20207B8425AD0282753E048451BDC16
:1021E00040F23F47C4F20207B84231DC40F21047E8
:1021F000C4F20207B8424AD040F2284742E000BF8A
:102200009F27C4F20207B8422CDC7027C4F20207F1
:10221000B8423CD0882735E040F29F47C4F202071D
:10222000B84227DC40F27047C4F20207B8422ED011
:1022300040F2884726E000BFA16C0029AED1AFE78D
:102240004027C4F20207B84221D058271AE000BF45
:1022500040F24047C4F20207B84218D040F2584753
:1022600010E000BFA027C4F20207B8420FD0B82781
:1022700008E000BF40F2A047C4F20207B84206D00F
:1022800040F2B847C4F20207B84218BF02230768F9
:102290001F4239D0AA6094F83520042A02681BD165
:1022A00022F016020260426922F080024261226C32
:1022B0000AB9A26C1AB1026822F0080202603F203B
:1022C0008840A860012084F83500216D0020002995
:1022D00084F8340055D15CE0510301680CD4C90581
:1022E0000ED4016821F010010160012084F835004E
:1022F000002084F8340003E0080301D4616C00E09E
:10230000E16B09B120468847606D002841D0606DBF
:10231000C00734D0042084F8350020684FEA9821A3
:10232000026822F001020260019A013201928A429F
:102330001AD80268D20717D0019A013201928A4254
:1023400012D80268D2070FD0019A013201928A4254
:102350000AD80268D20707D0019A013201928A4254
:1023600002D80268D207DFD10068C0074FF003002F
:1023700008BF012084F83500002084F83400E16CA7
:1023800039B1204602B0BDE8F0470847216C00296A
:10239000F7D102B0BDE8F087D0030DD4616C0029FD
:1023A000EFD1F6E7026804228A4032427FF401AEA0
:1023B0006FE600BF02686CE6E16B0029E1D1E8E757
:1023C0002DE9F04381B0044601F00EFE002C00F030
:1023D000AF8040F26F4805462068C4F202084045CD
:1023E00016DC9F21C4F2020188422DDC5721C4F281
:1023F0000201884254DC1021C4F20201884200F03C
:102400007E802821C4F20201884278D0402171E008
:1024100045F22F41C5F60201884229DC40F2B7415E
:10242000C4F20201884247DC40F27041C4F202016A
:10243000884264D040F28841C4F2020188425ED0F2
:1024400040F2A04156E000BF40F22741C4F2020131
:10245000884241DCA021C4F2020188424FD0B82159
:10246000C4F2020188424AD040F2104142E000BF6B
:1024700045F26B41C5F60201884200F3BD8045F28A
:102480003041C5F60201884200F0C98045F244415E
:10249000C5F60201884200F0C28045F25841B9E019
:1024A0005821C4F20201884229D07021C4F20201ED
:1024B000884224D088211DE040F2B841C4F20201D4
:1024C00088421CD045F20841C5F60201884200F05E
:1024D000A68045F21C419DE040F22841C4F2020171
:1024E00088420CD040F24041C4F20201884206D03A
:1024F00040F25841C4F20201884240F02581022195
:1025000084F83510002184F83410016821F00101AD
:10251000016000BF20680168C9070DD001F064FDAB
:10252000401B0628F6D320206065032084F8350080
:10253000012001B0BDE8F08348F23F0204F1080633
:102540000168CFF610621140D4F818C06CCE114368
:10255000D4F824901943E3692943256A0E43B9F15D
:10256000040F43EA060343EA050343EA0C0303D1DD
:10257000D4E90B652E433343666843F48011A6F11A
:102580003F07A6F12905042FA6F1470238BF0B46E5
:10259000062DA6F14F0E38BF0B46022A26F0030285
:1025A00038BF0B46BEF1040F38BF0B46742A08BF74
:1025B0000B46B9F1040F0360416921F0070141EABC
:1025C000090140F0DD80D4E90A53002B41EA0501FE
:1025D00000F0D680BCF5005F00F0B880BCF1000FC1
:1025E00040F0C080022D00F0C080012D00F0B480CA
:1025F000002D00F0BA80C3E045F26C41C5F602013F
:1026000088420CD045F28041C5F60201884206D0CE
:1026100045F29441C5F60201884240F0958004F1EC
:10262000080E022184F83510002184F83410016866
:10263000A3699EE80450A2F18005E769B5FA85F523
:1026400066696D09402A4FEA853543EA07026FF350
:10265000101142EA060208BF102541EADC0142EAF5
:102660000E02236A294341EAD20141EA131140F8DC
:102670000819C0B2CD2148433C2101EA9020E06511
:102680002046FEF7A5FBE16D012201F01F0102FAD1
:1026900001F141602068404500F381809F21C4F230
:1026A0000201884214DC5721C4F20201884227DC6F
:1026B0001021C4F20201884200F0C7802821C4F230
:1026C0000201884200F0C1804021C4F20201B9E059
:1026D00040F22741C4F20201884221DCA021C4F269
:1026E0000201884200F0B180B821C4F202018842A0
:1026F00000F0AB8040F21041C4F20201A2E000BF42
:102700005821C4F20201884200F09F807021C4F277
:102710000201884200F099808821C4F2020191E010
:1027200040F22841C4F20201884200F08E8040F25B
:102730004041C4F20201884200F0878040F25841D3
:10274000C4F202017EE000BF4020EDE6032D17D861
:10275000DFE805F00E0B0E02A3F1C072B2FA82F2AE
:10276000520904E0032D03D30AD1C3F300623AB146
:1027700040206065012084F8350001B0BDE8F08399
:1027800041612046FEF724FBE16D3F2201F01F016D
:1027900002FA01F18160206840457FF77FAF45F282
:1027A0002F41C5F60201884216DC40F2B741C4F25F
:1027B0000201884226DC40F27041C4F202018842E4
:1027C00043D040F28841C4F2020188423DD040F239
:1027D000A041C4F2020135E045F26B41C5F60201A9
:1027E00088421FDC45F23041C5F6020188422CD0F8
:1027F00045F24441C5F60201884226D045F25841CF
:102800001EE000BF40F2B841C4F2020188421CD071
:1028100045F20841C5F60201884216D045F21C4136
:102820000EE000BF45F26C41C5F6020188420CD0B3
:1028300045F29441C5F60201884206D045F2804136
:10284000C5F60201884240F0E18045F2574C45F65A
:10285000FC01C5F6020CC5F6020160450EDC45F22E
:102860002F42C5F60202904218DC45F20842C5F636
:102870000202904228D045F21C4221E045F27F42FC
:10288000C5F60202904213DC45F25842C5F6020238
:10289000904219D045F26C4212E000BF45F230423E
:1028A000C5F6020290420FD045F2444208E000BF54
:1028B00045F29442C5F60202904205D045F28042AC
:1028C000C5F60202904247D100F0FC024CF6CD431F
:1028D000083ACCF6CC43A2FB0323A1F1FC05A1F1FD
:1028E0007C061B0905EB830503F01F02A368256620
:1028F000802B4FF0010303FA02F26666A26605D14F
:1029000000206060286072601EE000BF6768FBB254
:10291000013F072F2B60726016D85E1E082E19D259
:10292000604501F1440237DC45F22F47C5F6020746
:10293000B84241DC45F20847C5F60207B84259D013
:1029400045F21C474AE000BF00206067C4E91B0055
:102950005CE000BFE06E54E000F0F8024AF6AB2302
:10296000103ACAF6AA23A2FB032740F20F43C4F28F
:10297000020308253A09984203F1AA06134688BFC4
:1029800005EB171340F60005B042C4F2020505F14D
:10299000800628BF1346A5E745F27F47C5F6020724
:1029A000B84213DC45F25847C5F60207B84221D0B9
:1029B00045F26C4712E000BF45F23047C5F602070A
:1029C000B84217D045F2444708E000BF45F28047BF
:1029D000C5F60207B8420DD045F29447C5F6020786
:1029E000B84207D040F60000C4F2020000F1FC013A
:1029F00000F5A07201EB83000121E066B14022677F
:102A0000616700210160D4E91C014160002060651C
:102A1000012184F8351001B0BDE8F083000000000A
:102A2000B0B500283CD0054690F83400012801D10B
:102A30000220B0BD012085F8340095F8350001284A
:102A400028D1022085F835000020686528680468D0
:102A500024F0010404602846FEF74EFA40F20F42CB
:102A60002868C4F2020240F26F419042C4F20201AF
:102A700018DC6F23C4F20203984225DC3F23C4F222
:102A8000020398423CDC1023C4F2020398425ED059
:102A9000282357E04FF400606865002085F8340073
:102AA0000120B0BD88421BDC40F23F43C4F2020368
:102AB00098422DDC40F21043C4F20203984246D003
:102AC00040F228433EE000BF9F23C4F20203984235
:102AD00028DC7023C4F20203984238D0882331E006
:102AE00040F29F43C4F20203984223DC40F2704359
:102AF000C4F2020398422AD040F2884322E000BF89
:102B00004023C4F20203984221D058231AE000BFA8
:102B100040F24043C4F20203984218D040F25843B6
:102B200010E000BFA023C4F2020398420FD0B823E4
:102B300008E000BF40F2B843C4F20203984206D056
:102B400040F2A043C4F20203984240F02F81036890
:102B50000B2464F3440303602B6C1BB1082304684B
:102B600023430360884219DC9F23C4F20203984286
:102B700032DC5723C4F20203984259DC1023C4F21A
:102B80000203984200F096802823C4F20203984280
:102B900000F090804023C4F2020389E045F22F4305
:102BA000C5F6020398422DDC40F2B743C4F202039B
:102BB00098424BDC40F27043C4F20203984279D051
:102BC00040F28843C4F20203984273D040F2A0431B
:102BD000C4F202036CE000BF40F22743C4F20203D8
:102BE000984243DCA023C4F20203984262D0B82387
:102BF000C4F2020398425DD040F21043C4F20203D3
:102C000056E000BF45F26B43C5F6020398423FDC35
:102C100045F23043C5F6020398424BD045F2444397
:102C2000C5F60203984245D045F258433EE000BF46
:102C30005823C4F2020398423CD07023C4F202032A
:102C4000984237D08823C4F2020331E040F2B843FF
:102C5000C4F2020398422DD045F20843C5F60203A0
:102C6000984227D045F21C4320E000BF40F22843A1
:102C7000C4F2020398421DD040F24043C4F2020362
:102C8000984217D040F25843C4F2020310E000BF4C
:102C900045F26C43C5F6020398420BD045F29443CB
:102CA000C5F60203984205D045F28043C5F60203FB
:102CB000984274D12B6E1C68E40303D51C6844F45D
:102CC00080741C60EB6E1BB11D6845F480751D603F
:102CD000904211DC6F21C4F2020188421EDC3F21C8
:102CE000C4F20201884235DC1021C4F2020188429C
:102CF00055D0282150E000BF88421BDC40F23F4104
:102D0000C4F2020188422DDC40F21041C4F20201FB
:102D1000884244D040F228413EE000BF9F21C4F2E7
:102D20000201884228DC7021C4F20201884236D0B8
:102D3000882131E040F29F41C4F20201884223DC45
:102D400040F27041C4F20201884228D040F288412A
:102D500022E000BF4021C4F2020188421FD0582166
:102D60001AE000BF40F24041C4F20201884216D08E
:102D700040F2584110E000BFA021C4F20201884295
:102D80000DD0B82108E000BF40F2B841C4F2020102
:102D9000884204D040F2A041C4F202018842016896
:102DA00041F0010101600020B0BD00BF03680524AF
:102DB00064F3430303602B6C002B3FF4D3AE042376
:102DC000CDE6000000000000B0B5044601F00CF9AB
:102DD00040F2A0010546C2F20041621C097818BF0A
:102DE0000C4400BF01F000F9401BA042FAD3B0BD73
:102DF00090F89830013B012B0ED80068836D0B4290
:102E000012D0836D0B408B4216D1C36D43F0020389
:102E1000C3658B0514D418E000F19C010120022247
:102E20000B681A430A607047C36D43F00103C36522
:102E30008B0505D409E000BF0323C3658B0504D5CA
:102E4000D0F8E0301343C0F8E0304B0504D5D0F89B
:102E5000E4301A43C0F8E4204FF6FF72436DC3F626
:102E6000CF720A401A4342658A0F4AF614010020C5
:102E7000C4F200010B681A430A60704700000000AA
:102E80002DE9F04390F89830022B19D10668D6F856
:102E9000C03013F07C5F1DD0D6F8C4309B0223D421
:102EA000D6F8C4300C69C3F3044CD1E90035002DC9
:102EB0008D6823D023432B4343F0804E22E000BF94
:102EC000D0F89C1041F00801C0F89C100120BDE82A
:102ED000F08300BFD0F89C1041F02001C0F89C1096
:102EE0000120BDE8F08300BFD0F89C1041F40071D0
:102EF000C0F89C100120BDE8F08300BF44EA834382
:102F000043EA050E836ED0F88450D1E907970CFB95
:102F100003F48B6949EA0767D1F81480D1F80C9063
:102F20001F4305EB840347EA080745F824E047EA16
:102F300009475F60CF6887B14FF284450833033299
:102F40000024C0F6000500BF171957F8037C1F5175
:102F5000CF680434EF5DBC42F6D3012101FA0CF1D5
:102F6000C6F8D010C0F894100020BDE8F08300002F
:102F7000704700000000000090F89830012B0DD140
:102F8000012913D0F1B90068D0F8F01021F07C517C
:102F900041EA0261C0F8F01000207047D0F89C10A0
:102FA00041F00401C0F89C10012070470068D0F87F
:102FB000A01021F0FE4141EA0261C0F8A0100020FB
:102FC000704700BF0068D0F8B01021F0FE4141EA20
:102FD0000261C0F8B010002070470000000000003F
:102FE00080B590F89820013A012A0BD80A68002A87
:102FF000CA680FD00B69072A43EA427E18D18B6951
:103000001BE000BFD0F89C1041F00201C0F89C10FA
:10301000012080BD072A19D10A69D1F81CC0120409
:103020008B6942EA0C221A4342F0605218E000BF5A
:10303000D1F808C04B6943EA8C73006F496800EB14
:10304000C10240F831E00020536080BD8B68D1F8A8
:1030500010C09B0743EAC2624B6942EA0C421A4322
:103060004968C06E40F82120002080BD00000000AB
:1030700090F898C0BCF1010F0ED19200006842EAAE
:103080000111DDF800C041EA430141EA0C01C0F83A
:1030900080100020704700BFD0F89C1041F0040160
:1030A000C0F89C100120704770470000000000002D
:1030B00010B58CB040F6585201F00071C2F20042D7
:1030C00090420BD151B140F6585401A9C2F20044CC
:1030D000204600F031F8069818BB29E040F6F85277
:1030E000C2F2004290420BD151B140F6F85401A90E
:1030F000C2F20044204600F01FF8069888B917E095
:1031000040F69862C2F20042904211D181B140F67D
:10311000986401A9C2F20044204600F00DF8069818
:1031200030B12068816921F0010181610CB010BDCE
:103130000CB010BD000000000068426C02F00700F7
:103140000860C2F302204860C2F3803302F0180026
:103150008860C2F34010C860C2F380100861C2F3F7
:10316000C0104861C2F3C0208861C2F30030C8615A
:10317000C2F34030C1E90803C2F3064200208A626C
:1031800070470000000000002DE9F04390F89870AF
:10319000022F11D1402919D10668D6F8A07017F472
:1031A000FE0F2FD0D6F8A4707F0635D0D6F8A470C5
:1031B000FF013BD400273CE0D0F89C1041F008010F
:1031C000C0F89C100120BDE8F08300BF41290FD159
:1031D0000668D6F8B07017F4FE0F13D0D6F8B470A6
:1031E0007F0619D0D6F8B470FF012BD400272CE04D
:1031F000076D8F4206D900F17C04456D4FF0000C3D
:103200000E462BE0D0F89C1041F02001C0F89C1035
:103210000120BDE8F08300BFD0F89C1041F480711C
:10322000C0F89C100120BDE8F08300BFD6F8A07064
:10323000FF0FD6F8A46000F17404C6F30526F51953
:10324000466C0AE0D6F8B070FF0FD6F8B46000F113
:103250007804C6F30526F519C66CAC467543246898
:1032600004EB850E54F8257017F08047576054F82A
:10327000257027F0604608BFC7F38A46166054F8E9
:10328000257007F00057976054F8254004F000447B
:103290001461BEF80440D461BEF8064014F00F0477
:1032A000D460DEF8044004F480145461DEF8044075
:1032B00004F4001494619EF8074004F07F04146243
:1032C000DEF804404FEAD474546228D04FF28448A8
:1032D0000024C0F600080EEB0406651C377A1F5563
:1032E000D76818F80770BD4219D21F19757A7D701A
:1032F000D56818F80590A51C4D453FBFB57ABD703F
:10330000D56818F805903CBFE51C4D4507D2F57A05
:103310000434FD70D56818F80550AC42DBD3402961
:1033200006D10068C0F8A8C00020BDE8F08300BF47
:10333000412905D10068C0F8B8C00020BDE8F0837D
:103340001F2909D80068012202FA01F1C0F898107B
:103350000020BDE8F08300BF006801F01F010122DA
:1033600002FA01F1C0F89C100020BDE8F0830000D3
:1033700070470000000000002DE9F04F89B00446BE
:103380004AF61000C4F2000001684AF61400C4F2C4
:1033900000000268206802EA0108056DD0F8549028
:1033A000036D0293436D0193036D0493436D039387
:1033B000036D0893436D0793036D0693436D059367
:1033C000D0F854A0D0F850B05FEACA530ED51BF421
:1033D00080710BD04FF4807101654AF61001002016
:1033E000C4F2000108602046FFF7C2FF05EA0906A3
:1033F0004AF610095FEA4A50C4F200094FEA88779A
:1034000011D51BF480600ED02068D0F8DC10D0F805
:10341000E42011404FF4806202650020C9F80000EA
:10342000204600F0F1FCDDE9011000EA010506F498
:10343000704657B120680021016508F00300C9F803
:10344000000020463946FFF793FDDDE9031000EA4E
:10345000010705F00F0546B12068314606650020DA
:10346000C9F80000204600F0D7FC07F0F00645B18F
:103470002068294605650020C9F80000204600F0B4
:10348000EFFB46B12068314606650020C9F8000010
:10349000204600F081FC5FEA0A500CD51BF4006066
:1034A00009D020684FF4006101650020C9F80000D0
:1034B000204600F0B5FC5FEA8A5011D51BF400707D
:1034C0000ED02068D0F8D810D0F8E02011404FF48A
:1034D000007202650020C9F80000204600F098FC48
:1034E0005FEA0A300CD51BF4002009D020684FF4A5
:1034F000002101650020C9F80000204600F0ACFB67
:103500005FEACA300CD51BF4803009D020684FF434
:10351000803101650020C9F80000204600F070FCF1
:103520005FEA4A30DDE9051000EA01050CD51BF41D
:10353000802009D020684FF4802101650020C9F85F
:103540000000204600F058FC5FEA8A30DDE90710F1
:1035500000EA010005F060710FD51BF400320CD0B9
:1035600022684FF4003313650022C9F80020D4F814
:103570009C2042F08002C4F89C2000F0715539B1C3
:10358000206801650020C9F800002046FFF790FD83
:10359000206845B105650021C9F80010D4F89C10D9
:1035A0002943C4F89C10A9F5016188420AD0D4F8D7
:1035B0009C00002868D0204609B0BDE8F04FFFF716
:1035C00073BD00BF606881688907F0D0016A426AF4
:1035D000036A476A114003EA070202F03005D0F897
:1035E0002080D0F82490D0F820B0D0F824A0026A2F
:1035F000089211F00F01426A0792466A026A069227
:1036000003D00162204600F0EBFB08EA09072DB168
:10361000606829460562204600F0EAFB70060BEA66
:103620000A0607F4C0750ED5069810F040000AD0BF
:1036300060684023C16BC26B090C02F03F02036259
:10364000204600F0D1FBDDE9071000EA010706F48F
:10365000FC462DB1606829460562204600F0BCFB9F
:1036600007F4F02036B161680E62D4F89C10314343
:10367000C4F89C1000289AD061680862D4F89C10A5
:103680000843C4F89C0092E709B0BDE8F08F000041
:103690002DE9F04F85B0A8B34AF200080446C4F201
:1036A00000080068404531D094F89810A9B38169AA
:1036B00021F01001816100F097FC054620688169C6
:1036C000090705D500F090FC401B0B28F6D310E04D
:1036D000816941F00101816100F086FC054600BF6F
:1036E00020688169C90721D100F07EFC401B0B28AE
:1036F000F6D30120D4F89C100843C4F89C000320A2
:1037000084F89800012005B0BDE8F08F08F58071BD
:10371000616094F898100029C9D1002084F89900BC
:10372000204600F0B5F92068C1E700BF816941F08B
:1037300002018161217C826922F04002012918BFC7
:1037400040328261617C826922F48042012908BF93
:1037500002F580428261A17C826922F480520129B3
:1037600018BF02F580528261816921F44073D4E967
:1037700002120B438361836923F0A403836103690D
:1037800023F0100303619AB1012A0DD0022A09D057
:103790008369032A43F080038361036943F01002C5
:1037A000026105D1202200E0042283691A4382616C
:1037B000D4E90572E369561E6FF0FF02256A02EB39
:1037C0000323B1F5407F43EA4663A5F1010646EACB
:1037D000030640F20003CFF6FF7303EB074746EA08
:1037E0000701C16110D1D4E90B65D4E90917013F84
:1037F00002EB06226FF00F063A4306EB05173A4339
:1038000003EB01411143C160236E2BB1616ED0F80F
:10381000C0201143C0F8C010E16DCDE90313D942B7
:103820004FF2E811C0F6000109D0D0F8C820A36E0D
:1038300022F0070251F823301A43C0F8C820D4F808
:1038400040A0BAF1000F09D0D0F8BC20636C22F080
:10385000070251F823301A43C0F8BC20A76C57B1B7
:10386000D0F8BC20E36C22F0700251F8233042EA19
:103870000312C0F8BC20D4F850C0BCF1000F0AD02D
:10388000D0F8BC20636D22F4E06251F8231042EAC4
:103890000121C0F8BC10404504D161688A6822F05B
:1038A00003028A600021C4F89410C4F89C1001211E
:1038B00084F898104FF6FC72D0F88410D4F83C903D
:1038C00021EA0203656CD4E90D120292019543EAE4
:1038D0008103C0F88430D0F8843023F47F0343EAB6
:1038E0000243C0F884305318D0F888606FF38F0615
:1038F00046EA8306C0F88860D0F8886003EB490385
:1039000026F4FE0646EA0946C0F88860D0F8A060B2
:103910006FF38F0646EA8306C0F8A060D0F8A06077
:1039200005FB0A3326F4FE0646EA0A46C0F8A06004
:10393000D0F8B0606FF38F0646EA8306C0F8B06037
:10394000D0F8B06026F4FE0646EA0746C0F8B0603C
:10395000E66CD0F8AC506FF38F0506FB07337E435F
:1039600045EA8305C0F8AC50D4F8548008FB0C3508
:10397000D0F8F0306FF38F0308FB0CFC43EA8503AB
:10398000C0F8F030D0F8F0E0A36D2EF47C1242EADB
:103990000342C0F8F02005EB4302D0F8C0506FF3AB
:1039A0008F0545EA8202C0F8C020D0F8C020DDF8BB
:1039B0000CB022F47C1242EA0B42C0F8C020019AFB
:1039C000D0F8C05025F07C5502FB0AFE4AF20002F6
:1039D000C4F20002DDF810A002EB8101029A01F5A9
:1039E000406145EA0A6501EB8207C0F8C05007EB69
:1039F000C902A56E02EB8E00626700EB86060BFB28
:103A000005F2276706EB8C07C4E91E060AFB05F0E2
:103A100007EBC30303EB8202C4F884304DF2FC339E
:103A2000E16602EB8000C4F200039842C4F88070A3
:103A3000C4F88820C4F8900002D920205AE600BFBC
:103A4000814221D20A46002042F8040BD4F890307B
:103A50009A4215D2486001F10802D4F890309A4297
:103A60003FBF0020886001F10C02D4F8903038BFCD
:103A70009A4205D2C8601031D4F890209142E1D327
:103A800005B0BDE8F08F00BF002005B0BDE8F08FA5
:103A9000B0B5B6B0044602A8B8210025CDE934552A
:103AA000CDE932553195FCF710FE4DF2004120680A
:103AB000C4F20001884241D04AF20041C4F2000140
:103AC000884273D04AF20001C4F20001884240F0FB
:103AD000BF80002003904FF4004002904FF08050D0
:103AE0001D9002A800F048FD08B1FDF709FC40F266
:103AF000E83144F2E040C2F20041C5F602000A6833
:103B0000002A02F101020A6008D1C16841F4807103
:103B1000C160C16801F480710191019901681524A7
:103B200041F0080101600068132500F008000190D1
:103B3000019803203190092133E000BF4FF4004089
:103B400002904FF080501D9002A8039500F014FDE4
:103B500008B1FDF7D5FB40F2E83144F2E040C2F293
:103B60000041C5F602000A68002A02F101020A605B
:103B700008D1C16841F48071C160C16801F48071ED
:103B8000019101990168A02441F0080101600068D9
:103B90009F2500F008000190052101984FF4405046
:103BA000319040F60040C5F6020038E00020039056
:103BB0004FF4004002904FF080501D9002A800F09A
:103BC000DBFC08B1FDF79CFB40F2E83144F2E04039
:103BD000C2F20041C5F602000A68002A02F10102A1
:103BE0000A6008D1C16841F48071C160C16801F404
:103BF0008071019101990168162441F00201016070
:103C00000068142500F002000190019860203190B6
:103C100040F60040C5F602000921A0F5006035918C
:103C200031A9022232920022CDE9332200F0FCF8C1
:103C300005210022284600F0EFFA284600F0D8FAC5
:103C400005210022204600F0E7FA204600F0D0FAD5
:103C500036B0B0BD0000000070470000000000005A
:103C6000F0B58DB040F65851C2F2004188420DD0F7
:103C700040F6F851C2F20041884219D040F69861EE
:103C8000C2F2004188422BD00DB0F0BD40F6585032
:103C900003AAC2F2004001AB4021FFF775FAB8B3A6
:103CA00040F26060C2F2004041890131418167E029
:103CB00040F6F85403AAC2F2004401AB402120466A
:103CC000FFF762FA00285FD040F2606040F6F854D7
:103CD000C2F20040C2F2004481890131818153E087
:103CE00040F6986403AAC2F2004401AB402120468A
:103CF000FFF74AFA002847D040F2606040F6986427
:103D0000C2F20040C2F20044C1890131C1813BE0EE
:103D10000398A0F20121032932D8013840F27067DC
:103D2000C4B2C2F200476100BDF8062051FA80F02B
:103D3000BDF80410BDF8083007EB80159DF90A6046
:103D400028460096C9BAD2BADBBAFDF701F8A879BD
:103D5000A0F147011C2907D804EB440007EB8010B1
:103D6000817C013108E000BF40B2312805DC04EB62
:103D70004400002107EB801081742046FDF7B0FA63
:103D800040F65854C2F20044012100222046FFF7B9
:103D90002FF80DB0F0BD00007047000000000000DB
:103DA00090F8981001290DD1022180F8981001682F
:103DB0008A6922F001028A610021C0F89C1008463D
:103DC000704700BFD0F89C1041F00401C0F89C106F
:103DD0000120704700000000704700000000000054
:103DE0007047000000000000704700000000000065
:103DF0007047000000000000704700000000000055
:103E00007047000000000000704700000000000044
:103E10007047000000000000704700000000000034
:103E200070470000000000002DE9F04F82B00D68DF
:103E3000002D00F0CB8000F1264242F2004302F157
:103E4000FF72C5F602030A2698424FEAB22444F2F2
:103E5000F44E08BF0926082C40F2040C38BF4FEA84
:103E6000B226C5F6020EC5F6000C00960022002709
:103E7000002609E001360D6835FA06F307F104075C
:103E800002F1020200F0A280012303FA06F415EA0F
:103E90000408EFD0D1F804A003230AF0030B9340E9
:103EA000ABF101056FEA0309012D0FD88368CD68D6
:103EB00003EA090395402B438360CAF30015436866
:103EC000A34305FA06F42343436005E0BBF1030F67
:103ED00002D14FF0030B21E0C3688C6803EA0903A9
:103EE0009440BBF1020F43EA0403C36016D16FF0A4
:103EF000030307F01C0503EA56030F24034404FAE6
:103F000005FBD3F820A00C692AEA0B0AAC4044EA6E
:103F10000A041C62D1F804A00AF0030B03680BFA30
:103F200002F403EA09031AF4403F43EA040303607E
:103F3000A0D0DEF8003040F2084A43F00203CEF889
:103F40000030DEF80030C5F6000A03F002030193EA
:103F500026F00303019C07F00C040F2553F80A9088
:103F6000A54029EA0509009D05FA04F444EA09047C
:103F700043F80A404FF0B04ADAF800904C6849EA3A
:103F80000805E30258BF29EA0805A302CAF8005051
:103F9000DCF8009049EA080558BF29EA0805A303A0
:103FA000CCF80050DCF8809049EA080558BF29EAAF
:103FB0000805E403CCF88050DCF87C3043EA0805BF
:103FC00058BF23EA0805CCF87C5053E702B0BDE89F
:103FD000F08F000000000000002A08BF0904816182
:103FE00070470000000000004AF2D800C2F2014011
:103FF000006870470000000040F2A0004AF2D801BB
:10400000C2F20040C2F2014100780A681044086020
:10401000704700000000000080B5032000F02CF97C
:1040200001F0E6F944F218414FF2CC33C5F6020133
:10403000C0F600030A68096801F00F01C2F3032209
:10404000595C9A5C01F01F0102F01F02D04040F25F
:10405000AC02C2F2004220FA01F1116040F2A80164
:10406000C2F2004108600F2000F00AF800281CBFCF
:10407000012080BD00F0A4F8002080BD00000000F9
:10408000B0B58AB00F2840D804461C200022214633
:10409000002500F0C1F81C2000F0AAF840F2A400AE
:1040A000C2F20040046044F2E840C5F60200016834
:1040B00041F001010160006801A900F001000290D7
:1040C000029802A801F0E0F8079C002C18BF012418
:1040D00001F02EF94DF68361A040C4F21B314FF080
:1040E000FF32A0FB010141F20C00C2F200404FF090
:1040F0008043036002EB9141C0E9011540F2E731D2
:10410000C0E9031502F01CFA10B101200AB0B0BDDD
:1041100041F20C00C2F2004002F082FA0AB0B0BDD7
:1041200010B54EF6A05E4178CEF2000E90F800C0B9
:104130004EF8081CDEF8001021F00101CEF8001046
:1041400041684EF8041C017BC37A827A447B1B06CB
:1041500043EA0171837B41EAC241C27B41EA844167
:10416000447A41EA4341007A41EA024141EA0421AA
:1041700041EA400040EA0C00CEF8000010BD00000B
:104180004EF62450CEF20000BFF35F8F016821F499
:1041900080310160002101677047000000000000CD
:1041A0004EF6245140F00100CEF200010867086885
:1041B00040F480300860BFF34F8FBFF36F8F7047BC
:1041C00081B044F2F4400022C5F60200016841F0DB
:1041D0000201016000680F2100F0020000906FF002
:1041E0000100009B01B000F017B8000000000000C3
:1041F000002848BF704781B200F01F000122490922
:1042000002FA00F04EF20012CEF2000242F8210053
:10421000704700000000000070B54EF60C5C4FF0D7
:10422000FF36CEF2000C00F1604505F56445DCF880
:104230000030C3F3022E8EF00703042B28BF0423A3
:10424000BEF1030406FA03F321EA030100F00F03B1
:1042500038BF0024043B0028634406FA04F048BF3A
:1042600003F10C05A14022EA000008430001287078
:1042700070BD0000000000004EF60C514FF6FF0329
:10428000CEF200010A681A4060F30A2242F0806010
:1042900040F0FD700860704708F036FB0000000039
:1042A000B0B544F60C05C5F602052968490729682A
:1042B00006D401F00701081A18BF0120B0BD00BFE5
:1042C00021F0070108432860FFF78EFE044600BF77
:1042D00055F8080C800407D4FFF786FE001BB0F5E4
:1042E0007A7FF5D90120B0BD0020B0BD00000000EC
:1042F00080B500F0F5FF44F220414FF2CC32C5F614
:104300000201C0F600020968C1F30211515C01F01C
:104310001F01C84080BD000080B544F2384EC5F68C
:10432000020E5EF8103C5EF8101C5EF80C2CC1F317
:10433000053CDEF80410BCF1000F15D0C908D20608
:1043400001EAE2716FF35F3100EE101A03F003012E
:104350000229B8EE400A0DD081B95EF8381C8906F2
:1043600010D49FED361A1BE000218160C0E90011D6
:1043700080BD00BF9FED301A12E000BF9FED2D1AE7
:104380000EE000BF5EF8381C49F20002C0F2D032E5
:10439000C1F3C10122FA01F101EE101AB8EE411A7F
:1043A000DEF800109FED263A6FF35F2102EE101A3F
:1043B000DEF80010C1F34621B8EE422A00EE032ACF
:1043C00000EE10CAB7EE003AB8EE400A81EE000ADD
:1043D00032EE031A02EE101AB8EE422A20EE010A5B
:1043E00032EE031A80EE011ABCEEC11A80ED001AFB
:1043F000DEF80010C1F3064101EE101AB8EE411AC2
:1044000031EE031A80EE011ABCEEC11A80ED011ADA
:10441000DEF80010C1F3066101EE101AB8EE411A81
:1044200031EE031A80EE010ABCEEC00A10EE101A3B
:10443000816080BD0024744A001BB74B0024744C7B
:10444000000000390000000080B544F2404EC5F67F
:10445000020E5EF8183C5EF8181C5EF8142CC1F3CE
:10446000055CDEF80410BCF1000F15D0C908D205B8
:1044700001EAE2716FF35F3100EE101A03F00301FD
:104480000229B8EE400A0DD081B95EF8401C8906B9
:1044900010D49FED361A1BE000218160C0E90011A5
:1044A00080BD00BF9FED301A12E000BF9FED2D1AB6
:1044B0000EE000BF5EF8401C49F20002C0F2D032AC
:1044C000C1F3C10122FA01F101EE101AB8EE411A4E
:1044D000DEF800109FED263A6FF35F2102EE101A0E
:1044E000DEF80010C1F34621B8EE422A00EE032A9E
:1044F00000EE10CAB7EE003AB8EE400A81EE000AAC
:1045000032EE031A02EE101AB8EE422A20EE010A29
:1045100032EE031A80EE011ABCEEC11A80ED001AC9
:10452000DEF80010C1F3064101EE101AB8EE411A90
:1045300031EE031A80EE011ABCEEC11A80ED011AA9
:10454000DEF80010C1F3066101EE101AB8EE411A50
:1045500031EE031A80EE010ABCEEC00A10EE101A0A
:10456000816080BD0024744A001BB74B0024744C4A
:1045700000000039000000002DE9F0470446C07833
:1045800044F22C480007C5F6020833D5606E4FEAA6
:10459000305103290CD8DFE801F003111D2600BFBC
:1045A000D8F8001041F40031C8F800101BE000BF3B
:1045B00001266078C0070BD020E000BF04F108009E
:1045C000022106F061F9064660B16078C00715D196
:1045D000354646E004F12800022106F0E9F90646D6
:1045E0000028F2D1606ED8F8241021F4401108435D
:1045F000C8F8240000266078C007E9D0A06D042820
:104600000ED83546DFE800F00412181E1E0000BF69
:10461000D8F80000354640F40030C8F8000011E03A
:1046200001250127607840071FD453E004F10800FA
:10463000002106F029F904E004F12800002106F029
:10464000B7F905462F461DB1607840070DD441E00B
:10465000D8F82400A16D20F0070000250843C8F811
:10466000240037466078400734D5D4F8A4004FEAD8
:10467000705005280CD8DFE800F00311171D1D1D30
:10468000D8F8000040F40030C8F8000012E000BF85
:10469000012501266078000720D455E004F10800C8
:1046A000002106F0F1F804E004F12800002106F0F2
:1046B0007FF905462E461DB1607800070ED443E011
:1046C000D8F82C00D4F8A41020F46000002508438A
:1046D000C8F82C003E466078000735D5D4F8A8000D
:1046E0004FEA306005280DD8DFE800F00412181EEC
:1046F0001E1E00BFD8F8000040F40030C8F80000CB
:1047000012E000BF01250127E078800720D44EE0A9
:1047100004F10800002106F0B7F804E004F12800D5
:10472000002106F045F905462F461DB1E0788007C7
:104730000ED43CE0D8F82C00D4F8A81020F0E060AB
:1047400000250843C8F82C003746E07880072ED5AE
:10475000E06C4FEA301003280ED8DFE800F00903C0
:10476000130900BFD8F8000040F40030C8F800007A
:104770002E467DB912E000BF012501266078C006F3
:1047800019D44CE004F10800022106F07DF805463A
:104790002E461DB16078C0060DD440E0D8F8200048
:1047A000E16C20F0300000250843C8F820003E46A8
:1047B0006078C00633D5E06D4FEA303004280DD85C
:1047C000DFE800F00412181E1E0000BFD8F8000039
:1047D00040F40030C8F8000012E000BF01250127B6
:1047E000607880061FD44EE004F10800002106F036
:1047F0004BF804E004F12800002106F0D9F8054642
:104800002F461DB1607880060DD43CE0D8F8240016
:10481000E16D20F4E04000250843C8F82400374645
:10482000607880062FD5206E4FEA3040052809D8E1
:10483000DFE800F0040E1404040400BF2E46ADB9F6
:1048400018E000BF01250126607840061FD44FE024
:1048500004F10800012106F017F804E004F1280033
:10486000012106F0A5F805462E461DB160784006E8
:104870000DD43DE0D8F82400216E20F4E02000257E
:104880000843C8F824003E466078400630D5D4F886
:10489000AC004FEA3070052808D8DFE800F0030DBF
:1048A000130303032F46ADB918E000BF012501270C
:1048B0006078000620D442E004F10800012105F0F0
:1048C000E3FF04E004F12800012106F071F8054639
:1048D0002F461DB1607800060ED430E0D8F82C00C9
:1048E000D4F8AC1020F0E04000250843C8F82C00B4
:1048F00037466078000622D5E06E58B1B0F1005F0F
:104900000CD0B0F1805F2FD1D8F8000040F4003017
:10491000C8F800002E469DB908E000BF04F1080069
:10492000012105F0B1FF05462E464DB9D8F8240007
:10493000E16E20F0405000250843C8F824003E46B0
:10494000E078C00733D0A06C032813D8DFE800F06C
:1049500008021A08D8F8000040F40030C8F8000037
:10496000A946BDB91AE000BF01250126E078C007BD
:10497000E9D11CE001254FF00109A07840061AD5C5
:104980001CE000BF04F10800022105F07DFF054690
:10499000A9461DB1A07840060DD50FE0D8F820003B
:1049A000A16C20F0030000250843C8F82000B146A0
:1049B000A078400602D44F4618E000BFD8F8D403D0
:1049C00040F48070C8F8D403FFF70EFB064600BF22
:1049D000D8F8D403C00507D4FFF706FB801B642872
:1049E000F6D90325032701E02F468DB12078C007B3
:1049F00061D0A06F4FEAF00005283BD8DFE800F057
:104A000004404604040400BF002D2E4646D149E070
:104A1000D8F84410D4F8B000414011F4407F11D0D0
:104A2000D8F84410D8F8442042F48032C8F8442022
:104A3000D8F8442021F4407122F48032C8F8442090
:104A4000C8F84410B0F5807F40F0CE82FFF7CCFA72
:104A5000064641F2883A0325032700BFD8F84400F0
:104A6000800700F1BF82FFF7BFFA801B5045F5D9E0
:104A7000BCE700BF01250126207880071FD44CE049
:104A800004F10800012105F0FFFE04E004F1280014
:104A9000012105F08DFF05462E461DB120788007C7
:104AA0000DD43AE0D8F82800A16F20F03800002596
:104AB0000843C8F828003E46207880072DD5606F4F
:104AC000052809D8DFE800F0040E1404040400BF30
:104AD0002F46ADB918E000BF012501272078400717
:104AE0001FD44DE004F10800012105F0CDFE04E0E3
:104AF00004F12800012105F05BFF05462F461DB19A
:104B0000207840070DD43BE0D8F82800616F20F0F2
:104B1000070000250843C8F82800374620784007DA
:104B20002ED5D4F89000052808D8DFE800F0030D52
:104B3000130303032E46ADB918E000BF012601257B
:104B40002078800620D451E004F10800012105F00E
:104B50009BFE04E004F12800012105F029FF054631
:104B60002E461DB1207880060ED43FE0D8F82C00E8
:104B7000D4F8901020F0070000250843C8F82C0056
:104B80003E462078800631D5D4F88C004FEA30704C
:104B9000052809D8DFE800F0040E1404040400BF5F
:104BA0002F46ADB918E000BF012701252078400647
:104BB00020D451E004F10800002105F065FE04E076
:104BC00004F12800022105F0F3FE05462F461DB131
:104BD000207840060ED43FE0D8F82800D4F88C1096
:104BE00020F0E04000250843C8F828003746207828
:104BF000400631D5D4F898004FEAB020052809D8EE
:104C0000DFE800F0040E1404040400BF2E46ADB922
:104C100018E000BF012601252078000620D454E0CA
:104C200004F10800002105F02FFE04E004F1280043
:104C3000022105F0BDFE05462E461DB12078000676
:104C40000ED442E0D8F82C00D4F8981020F4E050AC
:104C500000250843C8F82C003E462078000634D5CD
:104C6000D4F89C004FEA703005280FD8DFE800F038
:104C700004141A04040400BF2F46E5B1206801079C
:104C800027D4C1063ED4000355D475E00127012581
:104C900020680107F5D51CE004F10800002105F0AB
:104CA000F3FD04E004F12800022105F081FE054631
:104CB000002D2F46E2D1D8F82C00D4F89C1020F417
:104CC000604000250843C8F82C00374620680107DB
:104CD000D7D5D4F88000B0F5805F09D104F1280061
:104CE000022105F065FE002818BF0127D4F88000D6
:104CF000D8F8281021F440510843C8F8280020684B
:104D0000C106C0D5D4F89400B0F5807F09D104F174
:104D10002800022105F04CFE002818BF0127D4F816
:104D20009400D8F82C1021F440710843C8F82C00E6
:104D30002068000320D5D4F8A000B0F5003F0FD0C4
:104D4000B0F5803F06D078BB04F10800002105F0E3
:104D50009BFD04E004F12800022105F029FE054630
:104D60002E4655B9D8F82C00D4F8A01020F44030C5
:104D700000250843C8F82C003E46A07840072BD5F4
:104D8000D4F88400B0F5401F0BD0B0F5001F11D04F
:104D9000B0F5801F2AD1D8F8000040F40030C8F8E0
:104DA00000002F46CDB90DE001260125A07840076F
:104DB000E6D411E004F12800012105F0F9FD0546D3
:104DC0002F4655B9D8F82800D4F8841020F44010A4
:104DD00000250843C8F828003746A078C0070AD144
:104DE0003E462168880016D533E000BF0127012523
:104DF000A078C007F4D0206DB0F5803F10D018BB6C
:104E0000D8F8000040F40030C8F800002E4685B104
:104E1000216888001DD460688A0326D465E000BF3D
:104E200004F10800022105F02FFD0546002D2E4655
:104E3000EED1D8F82000216D20F480300025084301
:104E4000C8F82000CCE700BF0126012521688800B2
:104E5000E1D504F12800022105F0AAFD002818BFC1
:104E60000126D4E900108A033FD5E26F6FF00103F9
:104E700003EB3223022B0BD34FEA322343B1012B36
:104E800040F0AA80D8F8003043F40033C8F800306E
:104E900025B3CA022CD48A0234D44A003CD4CA0FA7
:104EA00049D1090251D4C1075AD1810763D44107BE
:104EB0006CD4010776D4C10600F18080800607D546
:104EC00004F12800022105F073FD002818BF012518
:104ED000002D18BF01252846BDE8F087D8F82830F6
:104EE00023F440731A43C8F828203546CA02D2D5A5
:104EF000D8F82420236F22F000421A43C8F8242057
:104F00008A02CAD5D8F82420A36E22F080721A43F0
:104F1000C8F824204A00C2D558F81C2C22F40042BC
:104F200048F81C2CD4F8B42058F81C3C1A4348F814
:104F30001C2CCA0FB5D0D8F82020636D22F0405247
:104F40001A43C8F820200902ADD5D8F82810D4F8A3
:104F5000882021F440011143C8F82810C107A4D0CB
:104F600004F10800002105F08FFC002818BF054659
:104F7000606881079BD504F10800012105F084FCDD
:104F8000002818BF05466068410792D504F1080063
:104F9000022105F079FC002818BF0546606801076A
:104FA0007FF589AF04F12800002105F001FD0028FC
:104FB00018BF05466068C1067FF580AF04F1280080
:104FC000012105F0F5FC002818BF05466068800641
:104FD0007FF57EAF74E700BF0125CA027FF55BAFA6
:104FE00086E700BFD4F8B0004FF6CF7358F81C2CFA
:104FF000C0F2FF0300F4407122F47C5203EA101364
:105000006FF31F30B1F5407F08BF1A43002548F801
:105010001C2CD8F844100843C8F84400FFF7CBBC58
:105020002DE9F04381B0002800F02A8142F2000807
:105030000446C5F200288946D8F8000000F00F00A9
:1050400088420ED2D8F8000020F00F0040EA090094
:10505000C8F80000D8F8000000F00F00484540F004
:105060000F81206844F218474107C5F602070AD5A8
:1050700021693A6802F07002914204D93A6822F03C
:1050800070021143396001070AD561697A6802F03C
:105090007002914204D97A6822F07002114379605B
:1050A000C1060AD5A1697A6802F4E062914204D986
:1050B0007A6822F4E0621143796081060AD5E169D9
:1050C000BA6802F07002914204D9BA6822F0700204
:1050D0001143B96010F002010AD0E2683B6803F0A6
:1050E0000F039A4204D93B6823F00F031A433A6036
:1050F000C20746D0386820F47061D4E90102012863
:1051000041EA0201396009D003280DD0022811D1EB
:1051100057F8181C890340F1B38010E057F8181CA9
:10512000C90540F1AD800AE057F8181C890140F12B
:10513000A78004E057F8181C490740F1A18057F8F0
:10514000081C21F00701084347F8080CFEF74CFF44
:10515000064641F2883500BF57F8080C616800F038
:105160003800B0EBC10F09D0FEF73EFF801BA8420C
:10517000F2D9032001B0BDE8F08300BF206800F041
:10518000020151B1E1683A6802F00F02914204D283
:105190003A6822F00F0211433960D8F8001001F08C
:1051A0000F0149450DD9D8F8001021F00F0141EA4F
:1051B0000901C8F80010D8F8001001F00F014945A6
:1051C0005ED141070AD521693A6802F07002914226
:1051D00004D23A6822F070021143396001070AD5FF
:1051E00061697A6802F07002914204D27A6822F012
:1051F000700211437960C1060AD5A1697A6802F488
:10520000E062914204D27A6822F4E062114379604C
:1052100080060AD5E069B96801F07001884204D2BD
:10522000B96821F070010843B86000F0E1F839680E
:105230004FF2CC333A68C0F60003C1F3032102F009
:105240000F02595C9A5C01F01F0120FA01F102F093
:105250001F0040F2AC0221FA00F0C2F200421060DE
:1052600040F2A40040F2A802C2F20040C2F20042A2
:105270000068116001B0BDE8F043FEF701BF00BF58
:10528000012001B0BDE8F0833F22026044F21842E1
:10529000C5F6020252F8083C03F0070343601368A6
:1052A00003F470638360136803F00F03C360136833
:1052B00003F070030361536803F0700343615368A4
:1052C00003F4E0638361926802F07002C26142F20B
:1052D0000000C5F20020006800F00F000860704771
:1052E00080B500F085F844F218414FF2CC33C5F692
:1052F0000201C0F600030A68096801F00F01C2F359
:105300000322595C9A5C02F01F0220FA02F201F0BB
:105310001F0040F2AC0122FA00F0C2F20041086026
:1053200040F2A801C2F200410A6080BD0000000006
:1053300080B500F05DF844F2184C4FF2CC31C5F660
:10534000020CC0F60001DCF80020DCF8003003F0AD
:105350000F03C2F30322CB5C8A5C02F01F02D04031
:1053600003F01F0240F2AC0320FA02F2C2F2004343
:105370001A6040F2A803C2F200431860DCF804008F
:10538000C0F30210085C00F01F0022FA00F080BD9C
:1053900080B500F02DF844F2184C4FF2CC31C5F630
:1053A000020CC0F60001DCF80020DCF8003003F04D
:1053B0000F03C2F30322CB5C8A5C02F01F02D040D1
:1053C00003F01F0240F2AC0320FA02F2C2F20043E3
:1053D0001A6040F2A803C2F200431860DCF804002F
:1053E000C0F30220085C00F01F0022FA00F080BD2C
:1053F00044F20041C5F602010869C0F3C200032867
:1054000010D002282ED098BB0868800649F2000010
:10541000C0F2D03058BF70470968C1F3C101C8401D
:10542000704700BF8A6A886AC0F3051CC86ABCF16D
:10543000000F4B6B22D000F0010002F0030240424B
:10544000022A00EAD3006FF35F3000EE100AB8EED4
:10545000400A15D0C2B90868800619D49FED281AF1
:1054600023E000BF43F20060C0F26E10704700BF3F
:1054700040F60010C0F23D00704700BF00207047AA
:105480009FED1E1A11E000BF9FED1B1A0DE000BF3B
:10549000086849F20002C0F2D032C0F3C10022FA1B
:1054A00000F001EE100AB8EE411A086B9FED153AB4
:1054B0006FF35F2002EE100A086BC0F34620B8EECF
:1054C000422A013000EE032A00EE10CAB7EE003A7D
:1054D000B8EE400A81EE000A32EE031A20EE010A0D
:1054E00001EE100AB8EE411A80EE010ABCEEC00AC5
:1054F00010EE100A704700BF0024744A001BB74B1F
:105500000024744C00000039F0B581B0002800F090
:10551000D5800446007844F20046C007C5F602066E
:1055200022D12078800768D5306910F03801B06A40
:1055300042D0182908BF5FEA80703DD0E06831682A
:10554000002800F0258121F0190108433060FEF7A2
:105550004BFD05463068400748D4FEF745FD401B2B
:105560000228F7D977E100BF306900F03801B06A4E
:10557000102905D018290BD100F00300022807D10B
:1055800030688003CDD560680028CAD196E000BF9E
:105590006068002800F03281B0F5A02F00F046814D
:1055A000B0F5803F00F04681306820F480303060F4
:1055B000306820F4802040E130684007E06801D581
:1055C00000287BD0316821F0190108433060FEF7D4
:1055D0000BFD05463068400708D4FEF705FD401B6B
:1055E00002284FF00300F5D901B0F0BD70682169C1
:1055F00020F0FE4040EA016070602078C00619D5B6
:10560000306900F03801B06A082906D0182940F046
:10561000818000F0030001287CD13068C00502D5EC
:10562000E06980284AD1F068216A20F07C5040EA85
:105630000160F0602078000744D42078800655D4BB
:105640002078400700F17E80656A9DB3306900F0E4
:105650003800182840F01481012DB16A306B2DD02C
:1056600001F00302A36A9A4228D1C1F30511E26A4C
:10567000914223D10146226B6FF35F21013A91429F
:105680001CD1C0F34622616B01398A4216D1C0F3A6
:105690000642A16B01398A4210D1C0F30660E16B6A
:1056A000013988420AD1706BA16CC0F3CC008142F1
:1056B00040F09C81002001B0F0BD00BF012001B08E
:1056C000F0BD00BF60690028706F4FD040F001004E
:1056D0007067FEF789FC0546706F8007ADD4FEF752
:1056E00083FC401B0228F7D9B5E000BFA069002861
:1056F000306871D040F480503060FEF775FC05468C
:10570000306880049CD4FEF76FFC401B0228F7D958
:10571000A1E000BFE0690028306800F09F8040F001
:1057200080003060FEF760FC054600BF3068C005B1
:105730003FF579AFFEF758FC401B02284FF00300FD
:10574000F4D951E7D6F8000440F48070C6F800049C
:10575000FEF74AFC054600BFD6F80004C00529D470
:10576000FEF742FC401B6428F6D974E020F00100EB
:105770007067FEF739FC0546706F80077FF55DAFF7
:10578000FEF732FC401B02284FF00300F4D92BE750
:1057900021F001003060FEF727FC05463068400725
:1057A0007FF52BAFFEF720FC401B02284FF00300D3
:1057B000F4D919E7A068002800F08480052800F0DB
:1057C0009B80012800F09C80306F20F00100306742
:1057D000306F20F0040096E020F480503060FEF737
:1057E00003FC0546306880047FF52AAFFEF7FCFB1A
:1057F000401B02284FF00300F4D9F5E6306820F48E
:1058000080303060306820F480203060FEF7ECFBA0
:10581000054600BF306880037FF583AEFEF7E4FBEA
:10582000401B64284FF00300F4D9DDE6306840F4F3
:1058300080203060306840F480303060FEF7D4FB68
:10584000054600BF306880033FF56BAEFEF7CCFB2A
:10585000401B6428F6D9032001B0F0BD20F0800081
:105860003060FEF7C1FB05463068C0057FF5E2AE4B
:10587000FEF7BAFB401B02284FF00300F4D9B3E651
:10588000306820F080703060FEF7AEFB022D0546D8
:105890000CD100BF3068800148D5FEF7A5FB401B46
:1058A00002284FF00300F5D99EE600BF3068800162
:1058B0007FF500AFFEF798FB401B02284FF0030076
:1058C000F4D991E6306F20F001003067306F20F09E
:1058D00004003067FEF788FB054641F28837306FD9
:1058E00080077FF5B1AEFEF77FFB401BB8424FF05B
:1058F0000300F4D978E600BF306F40F00400306751
:10590000306F40F001003067FEF76EFB054641F254
:10591000883700BF306F80073FF596AEFEF764FB17
:10592000401BB8424FF00300F4D95DE604F12807AC
:10593000B06A40F2F33188438ECF0843591E40EAE3
:1059400002104FF47E426FF35F21B06202EB4720FA
:105950004FF4FE0280B2E36B0844A16B02EB0141FD
:105960004FF0FE4201F4FE0102EB0362084402F034
:10597000FE4108443063F06A4FF6F87120F00100F0
:10598000F062706BA26C884340EAC2007063F06AF8
:10599000216C20F00C000843F062F06A616C20F08A
:1059A00002000843F062F06A40F48030F062F06A6E
:1059B00040F40030F062F06A40F48020F062F06A57
:1059C00040F00100F062306840F080703060FEF717
:1059D0000BFB0446306880013FF56CAEFEF704FB1C
:1059E000001B02284FF00300F4D9FDE5F06A20F017
:1059F0000100F062FEF7F8FA0546FEF7F5FAA84254
:105A0000FBD0706B4FF6F871A26C884340EAC2007D
:105A10007063F06A40F00100F062002001B0F0BD58
:105A2000F0B581B0F8B10446D0F888001E4615469E
:105A30000F4628B9002084F88400204602F0C0FBFD
:105A40002420C4F888002068A16A0268002922F096
:105A50000101016002D0204605F0A6FB204605F0BA
:105A600003FF012802D1012001B0F0BD2068816848
:105A700041F480418160816821F4004139438160B3
:105A80003104026841EA45516FF319421143016044
:105A9000016841F001010160204601B0BDE8F0401D
:105AA00005F0F2BB0000000070470000000000009D
:105AB00070B50446006802694369816894F88150B2
:105AC0001E050BD512F0080608D0816941F400616B
:105AD00081612046BDE8704000F09EBA03EA0206EC
:105AE00006F06402042A07D1616F20468847216FBF
:105AF0002046BDE87040084706F04502012A07D15C
:105B0000216F2046884706F02600022804D070BD89
:105B100006F02602022A05D1616F2046BDE87040DA
:105B2000084700BF320715D416F4587FEFD016F09F
:105B300040005FD1B0056AD4F00506F0200076D4AD
:105B4000002840F08280D4F88400002840F08D8046
:105B5000DDE700BF21688A6942F008028A618A692C
:105B600042F010028A618A6942F400628A610A691D
:105B700022F008020A61896811F4404F23D02046C0
:105B800004F0B2FF012084F88100D4F884000028DA
:105B900040F0A380032D00F0A580042D00F0A88024
:105BA000052DB4D12046BDE8704000F03DBC00BFDB
:105BB0002268616E126B41F8042B6166B4F86A10BA
:105BC0000139A4F86A10B4F86A100029D7D0E16846
:105BD0001029EDD2082905D3028E616E21F8022B1F
:105BE000EBE700BF216891F83010626E1170616EB2
:105BF0000131E2E72068D4F8842042F00402C4F8BE
:105C00008420826942F040028261B00594D5206808
:105C1000D4F8842042F00102C4F88420826942F45E
:105C200000728261F00506F020007FF589AF2268DE
:105C3000D4F8843043F00803C4F88430936943F403
:105C40008073936100283FF47EAF2068D4F88420ED
:105C500042F08002C4F88420826942F0200282610E
:105C6000D4F8840000283FF452AF206801F440418A
:105C700040F26B33B1F5404F026822F0010202603E
:105C8000026922EA0301016124D181684AF6B9352B
:105C900021F440418160E06FC0F6000548B1056520
:105CA000FBF716FE28B1D4F8840040F04000C4F899
:105CB0008400A06F00283FF42AAF0565FBF708FEBB
:105CC000002808BF70BDD4F8840040F04000C4F83C
:105CD000840070BD012084F881002046BDE870403A
:105CE000FFF7E2BE2046BDE8704000F099BB00BF60
:105CF0002046BDE8704000F08BB9000000000000B5
:105D00002DE9F04381B000285BD043F60001044642
:105D10000068C4F2000143F2000E43F6004C8842D2
:105D2000C4F2010EC4F2000C4FF00002A26203D0D4
:105D3000604518BF704541D1E36B0125E268884298
:105D400002F1080205EB53134FEAD20202FB03F300
:105D500018BF704526D1102B33D894F8810028B98C
:105D6000002084F88000204600F0AAF8022084F881
:105D70008100D4E90009D4F818800368B8F1806F75
:105D800023F001030360836803F4F81E26D1B9F100
:105D9000000F1BD0B9F5800F20D1A36BD3B14FF406
:105DA000800921E0604518BF082B0AD80CF5744122
:105DB000884218BF6045CED0CFE700BFE3680F2B05
:105DC000BAD9012001B0BDE8F08300BFA36BB3F1E5
:105DD000805F71D1036843F4805303605FEA492315
:105DE00002D44FF0010C0FE0E368072B0AD30568DB
:105DF00025F4807C256D45EA0C0505604FF0000C0C
:105E000007E000BF4FF0000C036823F480730360C9
:105E1000E368E769A26A47EA0E07E16B3A43A568BF
:105E200011432669676919438160B9F1000F626AFD
:105E3000D4E90D1341EA0201226A41EA0301E36C4D
:105E400041EA060141EA070141EA0201A26C41EA86
:105E50000301A36D41EA050141EA020141EA0301A0
:105E600041EA080141EA0901C1600DD0016DBCF1B0
:105E7000000F21F00101016514D1C168626D21F0AC
:105E800000411143C1600DE08168012262F3CC2121
:105E900081608168022262F34A218160016D21F0F4
:105EA000010101650020C4F88400012184F88110FB
:105EB00001B0BDE8F08300BF4FF0000991E700009A
:105EC0002DE9F047B4B06946044601F10800B0215D
:105ED000FAF7FBFB43F600012068C4F20001884298
:105EE00002D034B0BDE8F0874FF48050009068468F
:105EF00000270197FEF740FB08B1FBF701FA44F2D7
:105F0000E04040F20045C5F60200C5F602052FAE9E
:105F100040F2100881684FF0020941F4804181602D
:105F20008168C4F2020801F480412F912F99016821
:105F300041F00401016001684FF0050A01F004011D
:105F40002F912F99016841F00201016000683146EC
:105F500000F002002F902F9806202F9005F580600A
:105F6000CDE930973297CDF8CCA0FDF75DFF4FF427
:105F700000503146CDE92F092846CDF8CCA0CDE917
:105F80003177FDF751FF40F610252720C2F200457A
:105F90004FF480694FF44036C5E901072846C5F83B
:105FA0000080EF60C5E90497C5E90677C5E9086791
:105FB000FCF706FA08B1FBF7A3F9E56708F118004A
:105FC000AC6340F68825C2F200452860282068604E
:105FD0004020A8600020C5E90309C5E90500C5E91E
:105FE000070668622846FCF7EBF908B1FBF788F969
:105FF000242005210022A567AC63FEF70DF92420BB
:10600000FEF7F6F834B0BDE8F087000000000000AD
:106010007047000000000000704700000000000012
:106020002DE9F04F81B09B4615460F460446D0F847
:106030000090C66BFDF7D8FF94F8811001290FD1AD
:1060400080464FF0010027B1002D18BFBBF1000FB3
:1060500002D101B0BDE8F08F94F88000012803D18F
:10606000022001B0BDE8F08F012084F880000520F7
:1060700084F881000021C4F88410656643F60002AC
:10608000A4F86AB0C4F20002A4F868B0E76510276B
:10609000A4F862B02068A4F860B0216790426167FC
:1060A000C16821F4C021C1600CD043F60041C4F2A4
:1060B0000001884206D043F20001C4F20101884287
:1060C00018BF082741684FF6FF7291435944416059
:1060D000016841F0010101606168B1F5800F4FF086
:1060E000010103D1026842F400720260E0680A9B79
:1060F000102801EB561169D3BF0801208DB203F1BE
:10610000010901235E460FE04FF0000BB3B246EAEF
:106110000B011FFA8BF0002B18BF0123002818BFBA
:106120000120090400F04C8121684A6992071FFA96
:106130008BF205D5DB071CBF17FA86F3934203D811
:10614000C0074869E0D00EE0E36D53F8046B0E62BF
:10615000E365B4F86230013BA4F86230B4F86260E1
:10616000C0074869D0D04B69DB0704D1AA420FD2DF
:1061700010F400400CD0096B606E01600430606662
:10618000B4F86A000138A4F86A00B4F86AB0BDE750
:10619000FDF72AFFB9F1000FB8D0A0EB08000A996B
:1061A0008842B3D3204604F09FFCD4F8840040F426
:1061B0008070C4F88400012084F88100002084F8F5
:1061C0008000032001B0BDE8F08F00BF072875D91B
:1061D0004FF6FF727F081FFA81FA0120591CA2F1C5
:1061E000010C01235D46009110E000BF4FF0000B51
:1061F000ABB245EA0B011FFA8BF0002B18BF01234D
:10620000002818BF0120090400F0DA8022685169D3
:1062100089071FFA8BF105D5DB071CBF17FA85F339
:106220008B4203D8C0075069E0D00FE0E36D33F82C
:10623000026BA9F82060E365B4F86230013BA4F872
:106240006230B4F86250C0075069CFD05269D207AB
:1062500015D151450ED210F400420BD0B9F83010D0
:10626000606E20F8041BB9F8301020F8021C61465B
:106270000CE000BF012913D110F4005010D0B9F880
:106280003010606E20F8021B4FF6FF716066B4F8A4
:106290006A000844A4F86A00B4F86AB0A8E700BF2E
:1062A0006646FDF7A1FE009931B1A0EB08000A99FE
:1062B0008842B4469CD375E7B44699E74FF6FF721F
:1062C00001201FFA81F95E1CD51E0123DA460FE07A
:1062D0004FF0000B1FFA8AF34AEA0B011FFA8BF00A
:1062E000002B18BF0123002818BF0120090467D024
:1062F00021684A6992071FFA8BF205D5DB071CBF9C
:1063000017FA8AF3934203D8C0074869E0D011E036
:10631000E36D1B7881F82030E16D0131E165216882
:10632000B4F86230013BA4F86230B4F862A0C00750
:106330004869CDD04B69DB0725D14A451ED210F400
:1063400000431BD091F83000616E08702068616EC8
:106350004A1C626690F8300048702068616E4A1CE2
:10636000626690F8300048702068616E4A1C626670
:1063700090F83000487028460BE000BF032A13D87D
:1063800010F4C04010D091F83000616E08704FF6E4
:10639000FF70616E01316166B4F86A100844A4F8B8
:1063A0006A00B4F86AB095E7FDF71EFE002E91D0A2
:1063B000A0EB08000A998842FFF48CAFF2E600BF18
:1063C0000A9D681C14D000BF20684069000713D4E0
:1063D000FDF70AFEA0EB0800A842F5D3D4F884002C
:1063E00040F02000C4F8840006E000BFFDF7FCFD8B
:1063F000206840690007F9D5204604F075FB0120AC
:1064000084F88100002084F88000D4F884000028FB
:1064100018BF012001B0BDE8F08F000000000000AF
:1064200070470000000000007047000000000000FE
:1064300040F20442C5F60002136823EA0000084354
:10644000106070470000000070470000000000006E
:1064500070470000000000007047000000000000CE
:10646000B0B590F83C20012A4FF0020263D080F8CA
:106470003D2040F2004C0268C4F2010C42F48063FB
:1064800063455368D2F808E002BF23F470034C68F8
:1064900023434DF6FF740D68C4F2000423F070032B
:1064A000A24243EA0503536014DC40F2FF73C4F2D6
:1064B00000039A4222DD40F60003C4F200039A4230
:1064C0002ED040F60043C4F200039A4228D041F691
:1064D000000321E04FF6FF73C4F200039A4213DD7C
:1064E0000023C4F201039A421AD044F20003C4F21A
:1064F00001039A4214D0624512D016E0B2F1804FE7
:106500000ED040F2004307E04EF20003C4F2000355
:106510009A4205D04EF20043C4F200039A4204D1DD
:106520002EF080038968194391600022012180F8D0
:106530003D1080F83C201046B0BD00000000000077
:1065400060B310B5044690F83D0028B9002084F8E7
:106550003C00204600F024F8022084F83D0020682A
:10656000211D04F049FC012084F8480084F83E0015
:1065700084F83F0084F8400084F8410084F8420029
:1065800084F8430084F8440084F8450084F8460009
:1065900084F8470084F83D00002010BD01207047BA
:1065A000B0B582B040F2004104460068C4F2000178
:1065B000884201D002B0B0BD44F2E84040F6003558
:1065C000C5F60200C2F20045016841F00201016017
:1065D000006800F00200019040200199C4F202001E
:1065E0002860182068604020A8600020E8604FF410
:1065F000806129614FF4006169614FF40051C5E980
:106600000610C5E908002846FBF7DAFE08B1FAF7DC
:1066100077FEA562AC6302B0B0BD000000000000D0
:1066200090F83D10012927D1022180F83D10016822
:106630004DF6FF70C4F200008142C86840F00100CE
:10664000C8601BDC40F2FF70C4F2000081422DDD07
:1066500040F60000C4F2000081423DD040F6004008
:10666000C4F20000814237D041F60000C4F20000BD
:10667000814231D03CE000BF012070474FF6FF70EF
:10668000C4F2000081421BDD0020C4F201008142FF
:1066900022D044F20000C4F2010081421CD040F23A
:1066A0000040C4F20100814216D021E0B1F1804FD8
:1066B00012D040F20040C4F2000081420CD017E03A
:1066C0004EF20000C4F20000814205D04EF20040BC
:1066D000C4F2000081420BD107228868C0F2010297
:1066E00002400020062A18BFB2F5803F00D1704753
:1066F000086840F0010008600020704700000000BA
:1067000080B590F83C20012A4FF0020200F0A780EB
:1067100080F83D208822D0F800C0CFF6CE72DCF899
:1067200008301A40CCF808200B686F2B0EDDB3F14F
:10673000101F37DAB3F5005F46DA702B00F0928055
:10674000B3F5805F00F08480D6E000BF2F2B33DDEF
:106750004F2B3FDC302B6FD0402B40F0CD80D1F859
:1067600004E0C968DCF82030DCF8202022F00102C7
:10677000CCF82020DCF8182022F0F00242EA0111C7
:1067800023F00A02CCF8181042EA0E01CCF82010CF
:106790004FF68872DCF80810CFF6CF7211404731FF
:1067A00054E000BF2F21C0F210018B423ADCB3F15C
:1067B000101F41D020213BE0002B18BF102B3BD0F5
:1067C000202B39D098E000BF60D0B3F5801F33D0C4
:1067D00092E000BF502B6DD0602B40F08D80D1F83F
:1067E00004E0C968DCF82030DCF8202022F0100238
:1067F000CCF82020DCF8182022F4704242EA013163
:1068000023F0A002CCF8181042EA0E11CCF82010A8
:106810004FF68872DCF80810CFF6CF72114067315E
:1068200014E000BF3021C0F210018B4204D040219F
:10683000C0F210018B425FD14FF68872DCF808106D
:10684000CFF6CF721140194341F00701CCF8081080
:106850000022012180F83D10002180F83C101046F4
:1068600080BD00BFD1E901E3C968DCF8082043EA34
:106870000E0322F47F4243EA01211143CCF80810B1
:10688000DCF8081041F07701E0E700BFD1E901E34F
:10689000C968DCF8082043EA0E0322F47F4243EA89
:1068A00001211143CCF80810DCF8081041F48041B4
:1068B000CCE700BFD1F804E0C968DCF82030DCF890
:1068C000202022F00102CCF82020DCF8182022F051
:1068D000F00242EA011123F00A02CCF8181042EA51
:1068E0000E01CCF820104FF68872DCF80810CFF6B5
:1068F000CF7211405731A9E70122AAE7000000003A
:106900007047000000000000704700000000000019
:10691000F0B581B004460068C5680669B10717D5AF
:1069200015F0020114D06FF00201016101212177FD
:106930008069800704D02046FFF7E6FF06E000BF2D
:10694000204600F09DF8204600F052FB0020207702
:10695000700719D515F0040016D020686FF00401F7
:10696000016102212177806910F4407F04D0204624
:10697000FFF7CAFF06E000BF204600F081F820467E
:1069800000F036FB00202077300717D515F00800FF
:1069900014D020686FF00801016104212177C069DB
:1069A000800703D02046FFF7AFFF05E0204600F048
:1069B00067F8204600F01CFB00202077F00619D570
:1069C00015F0100016D020686FF010010161082149
:1069D0002177C06910F4407F04D02046FFF794FF70
:1069E00006E000BF204600F04BF8204600F000FB18
:1069F00000202077F00718BF15F0010006D02068AE
:106A00006FF001010161204600F0AEFE05F0800745
:106A100016F4025F18BF002F02D1F00509D410E070
:106A200020686FF4025101612046FFF711FDF00567
:106A300007D537B120686FF4807101612046FFF7F8
:106A400003FD700609D515F0400006D020686FF0F0
:106A500040010161204600F08FFEB0060CD515F014
:106A6000200009D020686FF020010161204601B0AC
:106A7000BDE8F040FFF7F0BC01B0F0BD0000000041
:106A800070470000000000002DE9F04190F83C3014
:106A9000012B03D10220BDE8F08100BF4FEAB20212
:106AA000052A31D8DFE812F0060038007600B4007D
:106AB000DA000001036843F6FF76C4F201061C6A9F
:106AC000B3421A6A24F0020422F001021A621A4642
:106AD000D3F804E052F818CF8D6844EA0504D1F8E1
:106AE000008040F3078144F20007C4F20107BB4273
:106AF00000F00B8144F60007C4F20107BB4200F02E
:106B0000048144F20047FCE00121002280F83C208F
:106B10000846BDE8F08100BF036840F2004E43F430
:106B20008067C4F2010E1C6A77451A6A24F02004BB
:106B300022F010021A621A465D6852F818CF8E6869
:106B400044EA061407D1CE686FF0400724F0C00471
:106B500007EA0616344343F6FF76D1F80080C4F204
:106B60000106B34240F3EC8044F20007C4F201078F
:106B7000BB4200F0EC8044F60007C4F20107BB42C0
:106B800000F0E58044F20047C4F20107BB4200F088
:106B9000DE80E3E0036840F2004E43F48067C4F215
:106BA000010E1C6A77451A6A24F4007422F480727C
:106BB0001A621A465D6852F81CCF8E6844EA0624B1
:106BC00007D1CE6840F2FF47360224F44064BE434A
:106BD000344343F6FF76D1F80080C4F20106B34295
:106BE00040F3D48044F20007C4F20107BB4200F036
:106BF000D48044F60007C4F20107BB4200F0CD8008
:106C000044F20047C4F20107BB4200F0C680CBE06B
:106C1000036843F6FF77C4F20107D3F820C0BB42F4
:106C20001A6A22F480521A621A465C6852F81C6F83
:106C30000D68D1F808E040F3CF8044F20007C4F2B9
:106C40000107BB4200F0D38044F60007C4F20107FD
:106C5000BB4200F0CC8044F20047C4E0036843F636
:106C6000FF77C4F20107D3F820C0BB421A6A22F4AE
:106C700080321A621A465C6852F8546F0D68D1F877
:106C800008E040F3D38044F20007C4F20107BB429E
:106C900000F0D78044F60007C4F20107BB4200F0C1
:106CA000D08044F20047C8E0036843F6FF77C4F29F
:106CB0000107D3F820C0BB421A6A22F480121A627C
:106CC0001A465C6852F8546F0D68D1F808E040F33A
:106CD000D98044F20007C4F20107BB4200F0DD8016
:106CE00044F60007C4F20107BB4200F0D68044F22C
:106CF0000047CEE00027C4F20107BB4205D040F2B6
:106D00000047C4F20107BB4205D1CF6824F00C0450
:106D100027F004073C43B34240F3E28044F200060C
:106D2000C4F20106B34200F0E68044F60006C4F265
:106D30000106B34200F0DF8044F20046D7E000BF16
:106D40000027C4F20107BB4201D0734506D1D1E947
:106D50000576374325F4406646EA870548F6FF473F
:106D60005D60CFF6FF6707EA0C0747EA08279F61D7
:106D70004F6809699F631C629F6947F400679F61C0
:106D80009F6927F480679F61A7E000BF0027C4F2D6
:106D90000107BB4201D0734506D1D1E905763743DF
:106DA00025F4405646EA07154FF68C775D60CFF61E
:106DB000FE7707EA0C0747EA0807DF614F680969B1
:106DC000DF631C62DF6947F00807DF61DF6927F0D6
:106DD0000407DF61ADE000BF0027C4F20107BB423A
:106DE00005D040F20047C4F20107BB4204D14F690D
:106DF00024F4804444EA871448F6FF475C60CFF6E9
:106E0000FF673E402CF4005746EA0524DC614E68DB
:106E100009691E6447EA0E371F62DF6947F400679D
:106E2000DF61DF6927F48067DF6156E00027C4F285
:106E30000107BB4205D040F20047C4F20107BB4244
:106E400004D14F6924F4803444EA07244FF68C7748
:106E50005C60CFF6FE7703373E402CF4003746EAFD
:106E600005045C654E6809699E6547EA0E471F6226
:106E70005F6D47F008075F655F6D27F004075F658A
:106E800057E000BF0027C4F20107BB4205D040F223
:106E90000047C4F20107BB4204D14F6924F48024A7
:106EA00044EA872448F6FF475C60CFF6FF6707F5A2
:106EB00040773E402CF4001746EA05245C654E6896
:106EC0000969DE6547EA0E571F625F6D47F4006788
:106ED0005F655F6D27F480675F65090229E000BF89
:106EE0000026C4F20106B34205D040F20046C4F2C7
:106EF0000106B34206D12EF44077D1E90565374348
:106F000047EA050E4FF68C75C3F804E0CFF6FE7520
:106F10000CEA050747EA08079F614F6809695F6344
:106F20001C629F6947F008079F619F6927F004076B
:106F30009F611368194311600021002280F83C20F2
:106F40000846BDE8F081000060B310B5044690F833
:106F50003D0028B9002084F83C00204600F024F8C9
:106F6000022084F83D002068211D03F045FF012028
:106F700084F8480084F83E0084F83F0084F840001C
:106F800084F8410084F8420084F8430084F8440007
:106F900084F8450084F8460084F8470084F83D00F2
:106FA000002010BD0120704780B582B041F600017D
:106FB0000068C4F2000188421CBF02B080BD44F2E8
:106FC000E8400022C5F60200016841F0400101607E
:106FD0000068052100F04000019001982B20FDF78A
:106FE0001BF92B2002B0BDE88040FDF701B900007D
:106FF00010B540F2004104460068C4F20001884226
:1070000018BF10BD0421204600F006FB20680021B7
:1070100081634AF2DC00C2F20140017010BD000041
:10702000704700000000000071B10A1F4FEAB20271
:10703000032A11D8DFE802F002161E2400F13F03F4
:107040001B78012B13D120E090F83E20012A0ED1AD
:10705000022280F83E2032E000F143031B78012B2E
:1070600005D112E000F140031B78012B0DD0012067
:10707000704700BF00F141031B78012B05D0F6E7F4
:1070800000F142031B78012BF1D1032A08D8DFE875
:1070900002F0030B0F1300BF022280F83F200EE026
:1070A000022280F843200AE0022280F8402006E015
:1070B000022280F8412002E0022280F84220026889
:1070C00001F01F00012101FA00F0116A81431162F1
:1070D0004EF2FF31C4F200018A42116A40EA010017
:1070E000106215DC40F6FF30C4F20000824227DC5B
:1070F000B2F1804F4ED040F20040C4F20000824214
:1071000048D040F60000C4F20000824242D053E072
:1071100043F6FF700021C4F20100C4F20101824273
:1071200044F20000C4F201001EDC4EF20043C4F23F
:1071300000039A422ED08A4224D040F200431DE040
:1071400040F60040C4F20000824223D041F6000025
:10715000C4F2000082421DD04EF20000C4F20000D2
:10716000824217D028E000BF82420BD044F60003D1
:10717000C4F201039A4205D044F20043C4F2010371
:107180009A4219D1536C8A4243F40041516418BFAA
:1071900082420BD107219068C0F20101014000201A
:1071A000062918BFB1F5803F06D1704740F2004074
:1071B000C4F201008242EDD0106840F0010010607E
:1071C0000020704700000000B0B50C46054679B1BC
:1071D000201F4FEAB00003282CD8DFE800F0031787
:1071E0001D2300BF05F13F01097802291FD026E0C9
:1071F00095F83E00022801D10220B0BD05F13E0005
:107200000078012840F0F48046E000BF05F140011D
:10721000097802290BD012E005F141010978022911
:1072200005D00CE005F142010978022907D10220BE
:10723000B0BD00BF05F1430109780229F7D003284A
:1072400024D8DFE800F0030B131B00BF05F13F005B
:107250000078012840F0CC801EE000BF05F140001E
:107260000078012840F0C48016E000BF05F141001D
:107270000078012840F0BC800EE000BF05F142001C
:107280000078012840F0B48006E000BF05F143001B
:107290000078012840F0AC800120002A18BF002BA4
:1072A00000D1B0BD64B1201F4FEAB00003280BD855
:1072B000DFE800F0020E1216022085F83F0012E00F
:1072C000022085F83E000EE0022085F843000AE027
:1072D000022085F8400006E0022085F8410002E027
:1072E000022085F842004FEAB400032800F28080B3
:1072F000DFE800F002224262686A4AF67171C0F665
:1073000000014BF2210CC1634AF6E971686AC0F6CC
:107310000001C0F6000C01642968686AC0F84CC01E
:1073200001F1340C686A11466246FBF779FB0028CC
:107330005ED14FF400705FE0A86A4AF67171C0F642
:1073400000014BF2210CC1634AF6E971A86AC0F64C
:107350000001C0F6000C01642968A86AC0F84CC09E
:1073600001F1380CA86A11466246FBF759FB002868
:107370003ED14FF480603FE0E86A4AF67171C0F692
:1073800000014BF2210CC1634AF6E971E86AC0F6CC
:107390000001C0F6000C01642968E86AC0F84CC01E
:1073A00001F13C0CE86A11466246FBF739FBF8B97B
:1073B0004FF4006020E000BF286B4AF67171C0F600
:1073C00000014BF2210CC1634AF6E971286BC0F64B
:1073D0000001C0F6000C01642968286BC0F84CC09D
:1073E00001F1400C286B11466246FBF719FB08B10E
:1073F0000120B0BD4FF480502968CA681043C860AE
:1074000004F01F00012202FA00F00A6A82430A62B5
:107410004EF2FF320B6AC4F2000218439142086236
:1074200014DC40F6FF30C4F20000814226DCB1F1EA
:10743000804F51D040F20040C4F2000081424BD056
:1074400040F60000C4F2000044E000BF43F6FF70C5
:107450000022C4F20100C4F20102814244F20000A1
:10746000C4F201001CDC4EF20043C4F20003994256
:1074700032D0914222D040F200431BE040F600405F
:10748000C4F20000814227D041F60000C4F200009F
:10749000814221D04EF20000C4F200001AE000BF89
:1074A00081420BD044F60003C4F20103994205D097
:1074B00044F20043C4F20103994219D14B6C91424A
:1074C00043F400424A6418BF814205D040F20040B4
:1074D000C4F2010081420BD107228868C0F2010288
:1074E00002400020062A18BFB2F5803F3FF4D9AE13
:1074F000086840F0010008600020B0BD00000000F6
:10750000026801F01F0C012303FA0CFC136A23EA42
:107510000C0343F6FF7CC4F2010C13626245136A4C
:10752000136213DD44F20003C4F201039A4218D03F
:1075300044F60003C4F201039A4212D044F200431D
:10754000C4F201039A420CD019E000BF0023C4F238
:1075500001039A4205D040F20043C4F201039A426B
:107560000DD1D2F820C041F211131CEA030F06D14D
:10757000D2F820C040F244431CEA030F12D0D2F8E4
:1075800020C041F211131CEA030F16D1D2F820C01B
:1075900040F244431CEA030F0FD1136823F00103A8
:1075A00013600AE0536C23F400435364D2F820C004
:1075B00041F211131CEA030FE8D04FEAB10104298C
:1075C0000AD8DFE801F0030F151B2100012180F824
:1075D0003E100020704700BF012180F843100020BA
:1075E000704700BF012180F83F100020704700BFA6
:1075F000012180F840100020704700BF012180F871
:1076000041100020704700BF012180F84210002087
:10761000704700000000000070B54FEAB106032E6D
:107620000ED804460D46DFE806F0030D151D00BF19
:10763000204650F8241BCA6822F4007218E000BFEC
:10764000012070BD204650F8281BCA6822F48062D1
:107650000EE000BF204650F82C1BCA6822F40062DE
:1076600006E000BF204650F8301BCA6822F4805262
:10767000CA600068FAF72CF9206805F01F010122A2
:1076800002FA01F1026A22EA010143F6FF72C4F232
:10769000010201629042016A016213DD44F20001BD
:1076A000C4F20101884218D044F60001C4F201017D
:1076B000884212D044F20041C4F2010188420CD049
:1076C00015E000BF0021C4F20101884205D040F25C
:1076D0000041C4F20101884209D1016A41F211124C
:1076E000114204D1016A40F2444211420ED0016AB3
:1076F00041F21112114212D1016A40F24442114288
:107700000DD1016821F00101016008E0416C21F414
:1077100000414164016A41F211121142ECD0032E82
:107720000AD8DFE806F0030F151B00BF012084F81C
:107730003E00002070BD00BF012084F843000020FF
:1077400070BD00BF012084F83F00002070BD00BF65
:10775000012084F84000002070BD00BF012084F8A3
:107760004100002070BD00000068B0F1804F18BFDC
:107770007047FCF741BC00007047000000000000AB
:1077800090F88410012901D1022070472421C0F80B
:10779000881002681368116823F0005321F001017A
:1077A00011600021416613602022C0F8882080F813
:1077B000841008467047000010B50446D0F88C00CD
:1077C000202805D10120002918BF002A02D110BDB0
:1077D000022010BD0120E06600202067204604F052
:1077E000AFFA002818BF10BDE06E01282CD1206828
:1077F00010210162206850E8000F216840F010005D
:1078000041E8000212B3206850E8000F216840F000
:10781000100041E80002002A1FBF206850E8000F56
:10782000216840F010001CBF41E80002002A0DD082
:10783000206850E8000F216840F0100041E8000285
:107840000020002AD6D1C2E7012010BD002010BDC3
:1078500080B541F23812C2F20042904208BF40297E
:107860000ED041F2A401C2F20041884218BF80BD8F
:1078700001F0A6FB0720BDE88040F9F731BD00BF4D
:1078800040F24830C2F20040416801314160F9F7EE
:10789000CFF80620F9F724FD40F670100021C2F25F
:1078A000004080F8801080BD70470000000000009C
:1078B00070B590F88420012A02D1022070BD00BF6B
:1078C0002422C0F888200268D0F864E0BEF1000FDE
:1078D000D2F800C0136823F001031360936823F00B
:1078E000606341EA030191601AD091684FF2944EAF
:1078F0009368C0F6000E5B0F4FF29C45C1F34266E1
:10790000C0F600051EF80340E95C2301B3FBF1F16A
:107910001EF80630AE5D1B01B3FBF6F302E000BFBC
:1079200001210123A0F86A102021A0F86830C2F8D4
:1079300000C0C0F88810002180F88410084670BD8F
:1079400070B590F88420012A02D1022070BD00BFDA
:107950002422C0F888200268D0F864E0BEF1000F4D
:10796000D2F800C0136823F001031360936823F07A
:10797000604341EA030191601AD091684FF2944E3E
:107980009368C0F6000E5B0F4FF29C45C1F3426650
:10799000C0F600051EF80340E95C2301B3FBF1F1DA
:1079A0001EF80630AE5D1B01B3FBF6F302E000BF2C
:1079B00001210123A0F86A102021A0F86830C2F844
:1079C00000C0C0F88810002180F88410084670BDFF
:1079D0007047000000000000704700000000000039
:1079E000704700000000000070B50446006840F6D3
:1079F0002F01C26911402029016886680ED101F06B
:107A0000200306F080555B191AD0616F002900F041
:107A10007D802046BDE87040084700BF40F60F0358
:107A20001A420DD0012340F22015C1F20003C0F22A
:107A3000004506EA030C01EA050313EB0C0367D1CA
:107A4000E36E012B05D112F0100318BF11F01003E3
:107A50004CD1D3020AD516F4800307D04FF480111D
:107A600001622046BDE87040FFF7B6BF100606D59C
:107A700001F0800006F40003C01840F0A181500618
:107A80006ED511F040006BD0206850E8000F2168DF
:107A900020F0400041E80002F2B1206850E8000FF9
:107AA000216820F0400041E80002002A1FBF206842
:107AB00050E8000F216820F040001CBF41E80002A0
:107AC000002A09D0206850E8000F216820F040000B
:107AD00041E80002002AD7D12020C4F88800002005
:107AE000A0672046BDE8704000F0DEBC10210162B6
:107AF0008068400616D4B4F85C00B4F85E10B4F8A0
:107B00005E20002A18BF884240F08A8170BD00BF05
:107B1000D30718BF11F480732ED1930706F0010E1E
:107B200036D440E0D4F8800040F20F42C4F20202A2
:107B30000168914200F34A816F22C4F2020291422D
:107B400000F3F0813F22C4F20202914200F3068268
:107B50001022C4F20202914200F0258228221FE284
:107B6000100240F14B8111F0804000F04781204627
:107B7000BDE87040FFF72CBF01230362D4F89030BA
:107B800043F00103C4F89030930706F0010E0AD5C4
:107B9000BEF1000F07D002230362D4F8903043F007
:107BA0000403C4F8903053070AD5BEF1000F07D084
:107BB00004230362D4F8903043F00203C4F89030F9
:107BC00013070CD501F0200353EA0C0307D0082358
:107BD0000362D4F8903043F00803C4F890301305E2
:107BE0000BD511F0806308D04FF400630362D4F822
:107BF000903043F02003C4F89030D4F89030002B3C
:107C00003FF484AF12F020020AD001F0200106F008
:107C10008052891804D0616F11B1204688472068CE
:107C2000D4F89010806800F0400001F0280140185E
:107C300006D12046FFF7D4FE0020C4F8900070BDA6
:107C4000206850E8000F216820F4907041E800029D
:107C5000F2B1206850E8000F216820F4907041E8EC
:107C60000002002A1FBF206850E8000F216820F49E
:107C700090701CBF41E80002002A09D0206850E83B
:107C8000000F216820F4907041E80002002AD7D14B
:107C90004FF6FE70CEF6FF70216851E8021F226891
:107CA000014042E80213DBB1216851E8021F22685B
:107CB000014042E80213002B1FBF216851E8021F58
:107CC000226801401CBF42E80213002B08D0216843
:107CD00051E8021F2268014042E80213002BDBD169
:107CE000E06E012827D1206850E8000F216820F0BD
:107CF000100041E80002F2B1206850E8000F21684E
:107D000020F0100041E80002002A1FBF206850E860
:107D1000000F216820F010001CBF41E80002002A7B
:107D200009D0206850E8000F216820F0100041E8D9
:107D30000002002AD7D12020C4F88C000020E06681
:107D4000216860678868400664D5206850E8020FA3
:107D5000216820F0400041E80202F2B1206850E8BA
:107D6000020F216820F0400041E80202002A1FBFF4
:107D7000206850E8020F216820F040001CBF41E855
:107D80000202002A09D0206850E8020F216820F082
:107D9000400041E80202002AD7D1D4F88000C8B3DD
:107DA0004BF20141C0F600010165F9F791FD002891
:107DB0003FF4ACAED4F88000016DBDE870400847D8
:107DC000A16F00297FF425AEA0E600BF40F26F420C
:107DD000C4F20202914200F3B18040F23F42C4F289
:107DE0000202914200F3C28040F21042C4F2020249
:107DF000914200F0D88040F22842D1E0D0017FF5D6
:107E000085AEB1F1FF3FC8BF70BD2046BDE87040F0
:107E1000FFF74ABD2046BDE87040FFF7E1BD00BF57
:107E2000401A216851E8001F226821F4907142E84D
:107E30000013F3B1216851E8001F226821F490710A
:107E400042E80013002B1FBF216851E8001F226881
:107E500021F490711CBF42E80013002B09D0216867
:107E600051E8001F226821F4907142E80013002BB2
:107E7000D7D14FF6FE71CEF6FF71226852E8022F7D
:107E800023680A4043E80226DEB1226852E8022F46
:107E900023680A4043E80226002E1FBF226852E8EA
:107EA000022F23680A401CBF43E80226002E08D098
:107EB000226852E8022F23680A4043E80226002E77
:107EC000DBD12021C4F88C100021E16661672168B4
:107ED00051E8001F226821F0100142E80013F3B1BD
:107EE000216851E8001F226821F0100142E80013C8
:107EF000002B1FBF216851E8001F226821F01001EC
:107F00001CBF42E80013002B09D0216851E8001F74
:107F1000226821F0100142E80013002BD7D181B272
:107F200010E100BF9F22C4F20202914228DC7022BD
:107F3000C4F20202914236D0882231E040F29F42E0
:107F4000C4F20202914223DC40F27042C4F2020207
:107F5000914228D040F2884222E000BF4022C4F281
:107F6000020291421FD058221AE000BF40F2404264
:107F7000C4F20202914216D040F2584210E000BF13
:107F8000A022C4F2020291420DD0B82208E000BF44
:107F900040F2B842C4F20202914204D040F2A04240
:107FA000C4F2020291424A68B4F85C3091B20029EE
:107FB00000F0C080994280F0BD80A4F85E20C069C6
:107FC000B0F5807F00F0A980206850E8000F21689C
:107FD00020F4807041E80002F2B1206850E8000F00
:107FE000216820F4807041E80002002A1FBF206849
:107FF00050E8000F216820F480701CBF41E80002A7
:10800000002A09D0206850E8000F216820F4807011
:1080100041E80002002AD7D1206850E8020F216809
:1080200020F0010041E80202F2B1206850E8020F9E
:10803000216820F0010041E80202002A1FBF2068E9
:1080400050E8020F216820F001001CBF41E8020245
:10805000002A09D0206850E8020F216820F00100B2
:1080600041E80202002AD7D1206850E8020F2168B7
:1080700020F0400041E80202F2B1206850E8020F0F
:10808000216820F0400041E80202002A1FBF20685A
:1080900050E8020F216820F040001CBF41E80202B6
:1080A000002A09D0206850E8020F216820F0400023
:1080B00041E80202002AD7D12020C4F88C00002019
:1080C000E066206850E8000F216820F0100041E8C9
:1080D0000002F2B1206850E8000F216820F0100083
:1080E00041E80002002A1FBF206850E8000F216805
:1080F00020F010001CBF41E80002002A09D02068CF
:1081000050E8000F216820F0100041E80002002A2A
:10811000D7D1D4F88000F9F743F902202067B4F8EA
:108120005C00B4F85E10401A81B22046BDE8704091
:10813000FFF78EBB8B427FF4E9ACC069B0F5807F5E
:108140007FF4E4AC022020672046BDE87040FFF7D2
:108150007FBB00000000000010B5E0B10446D0F87D
:10816000880028B9002084F88400204600F028F810
:108170002420C4F888002068A16A0268002922F03F
:108180000101016002D0204603F00EF8204603F002
:108190006BFB012802D1012010BD00BF206841689F
:1081A00021F490414160816821F02A0181600168D9
:1081B00041F0010101602046BDE8104003F064B8C1
:1081C0002DE9F043B5B0044602A8B8210025CDE959
:1081D0003355CDE931553095F8F777FA44F200413F
:1081E0002068C4F20001884270D041F20001C4F25C
:1081F0000101884240F0DF800120029002A80026A1
:108200000396FCF7B9F908B1F9F77AF844F2E040BF
:1082100040F27008C5F60200C4F20208016941F09C
:1082200010010161016901F01001019101990168DA
:1082300041F001010160006830A900F001000190E7
:1082400001984FF4C06030900220CDE9310607203C
:10825000349000203396C5F60200FBF7E5FD40F6AA
:10826000783508F56870C2F200454FF480672860E1
:108270002920C5E901062846EE60C5E90476C5E96E
:108280000666C5E90866FAF79BF808B1F9F738F809
:10829000C4F8805008F56E70AC6340F6F035C2F259
:1082A000004528602A2068604020A8600020C5E9B9
:1082B0000307C5E90500C5E9070068622846FAF723
:1082C0007FF800284FF0250669D16AE002A80395DF
:1082D00002250295FCF750F908B1F9F711F844F2BC
:1082E000E04040F27008C5F602000026C4F2020821
:1082F000816841F400318160816801F400310191AD
:108300000199016841F0080101600068002100F056
:1083100008000190C5F60201019870203296CDE95F
:1083200030050720349001F5406030A93396FBF703
:108330007BFD40F668452B20C2F200454FF4806972
:108340004FF48037C5E901062846C5F80080EE6085
:10835000C5E90496C5E90666C5E90876FAF730F876
:1083600008B1F8F7CDFFC4F8805008F11800AC63ED
:1083700040F6E045C2F2004505F1080128602C20D6
:108380006860402081E8410228466E62C5E90566C2
:10839000C5E90767FAF714F84FF0260608B1F8F7B1
:1083A000AFFF052100223046E567AC63FBF734FFE1
:1083B0003046FBF71DFF35B0BDE8F083000000003C
:1083C000704700000000000070470000000000003F
:1083D000B0B50446D0F88800202831D100294FF0EC
:1083E00001005BD0002A134608BFB0BD21650025FF
:1083F000A4F854302120A4F85630C4F89050C4F8A2
:108400008800E06FF0B14BF211424BF2A17CC0F654
:108410000002C26422684BF6610E2832C0F6000CDE
:10842000C0F6000E0565C0E90FCEFAF7F9FA48B1BB
:108430001020C4F890002020C4F888000120B0BDAE
:108440000220B0BD206840210162206850E8020F80
:10845000216840F0800041E802020AB3206850E839
:10846000020F216840F0800041E80202002A1FBF8D
:10847000206850E8020F216840F080001CBF41E8EE
:108480000202002A0CD0206850E8020F216840F058
:10849000800041E80202002AD7D10020B0BD00BF11
:1084A0000020B0BD00000000704700000000000088
:1084B0007047000000000000FEE700000000000020
:1084C00085B0D0F8EC100A68039291ED010A91EDA5
:1084D000021A91ED032A8DED020A8DED011A4FF07B
:1084E0007E528DED002A9DED033A9DED034A9DEDF0
:1084F000025A9DED026A25EE065AA3EE045A9DED3E
:10850000013A9DED014AA3EE045A9DED003A9DED1E
:10851000004A0492A3EE045A9DED044AB1EEC53A16
:1085200084EE033A8DED043A049A04929DED043AE8
:1085300091ED004A23EE043A81ED003A9DED043AB4
:1085400023EE000A81ED010A9DED040A20EE010AE6
:1085500081ED020A9DED040A20EE020A81ED030A74
:1085600040F28041C2F200419DED020AD0F80021A4
:1085700091ED6F1A20EE010AB6EE001A20EE010A04
:1085800082ED040A9DED010A91ED6F2A20EE020AA8
:1085900020EE010A82ED050A9DED030A91ED6F2A96
:1085A00020EE420A20EE010A82ED0A0A9DED000A41
:1085B00091ED6F2A20EE020A20EE010A82ED0B0AED
:1085C0009DED000A91ED6F2A20EE420A20EE010A8D
:1085D00082ED100A9DED030A91ED6F2A20EE420A0A
:1085E00020EE010A82ED110A9DED010A91ED6F2A3C
:1085F00020EE020A20EE010A82ED160A9DED020A23
:1086000091ED6F2A20EE420A20EE010A82ED170A50
:10861000D0F8F80091ED740A90ED1C1A81EE002A52
:1086200090ED230A80ED1C2A91ED741A44F20001AA
:1086300080EE010A9FED0A1AC4F21C61B4EE412AD1
:10864000F1EE10FA80ED230AB4EE410AC8BF0167CB
:10865000F1EE10FAC8BFC0F88C1005B0704700BF2B
:1086600000401C4600000000B0B540F280440120EC
:10867000C2F2004406210022032384ED6C0AB7EE07
:10868000000A20704CF67740C3F22B20C4F8CC01CE
:1086900081FEC00A201D002584F83851C4E95055D8
:1086A000C4E95255C4ED6D0A84ED6E1A84ED6F2A4B
:1086B00084ED740A00F020FD04F5E07004F5E47325
:1086C0000121012204F0FCF9D4F8EC004FF07E51B6
:1086D0009022C0E9001548F2C141C0E9025548F2B4
:1086E0003970C0F60001C4F8D41048F62101C0F674
:1086F0000000C4F8D00048F27970C0F60001C4F858
:10870000DC1040F20111E1854FF2DC31C0F60000CF
:10871000C4F8D800D4F80401C0F60001F7F781FFCF
:1087200040F2B401D4F8FC00C2F200419022F7F705
:1087300078FFB0BD0000000010B50446D0F8F81076
:1087400040F2B4009022C2F20040F7F76AFF40F214
:108750003440D4F81C11C2F200404822F7F761FF00
:1087600040F2EC30D4F80C11C2F200404822F7F786
:1087700058FF10BD0000000010B584B00446D0F8CA
:10878000EC0090ED000A90ED011A30EE000A90ED39
:10879000022A90ED033A8DED030A31EE010A40F210
:1087A00010308DED020A32EE020A8DED010A33EE31
:1087B000030AC2F200408DED000AA17B0088227BF3
:1087C000484300FB02F1D4F80C01F7F77EFF9DED62
:1087D000010AD4F80C01B1EE400A80ED000A0099BC
:1087E00041609DED030A029AB1EE400AC26080ED3D
:1087F000020A019B8261039AC0E907214362026376
:108800009DED020A9DED011AB1EE400AC163B1EE81
:10881000411A80ED0D0A80ED0E1A04B010BD000063
:108820002DE9F04F85B000F1780500F1800804468D
:108830002846414604F0D8FF274684F8C800B4F81B
:10884000780004F1580127F8A80FB4F85A00A4F8EA
:10885000AA0028463A46009104F09EFEA34684F8FA
:10886000C800388841462BF8B00FB4F88200A4F84D
:10887000B20038465A4604F08FFE2146254684F859
:10888000C800584651F8902F45F8A02F2A4604F00A
:108890009BF884F8C8002846594604F015F9D4F826
:1088A000EC1084F8C800A2464FF00109D1E900029B
:1088B00004908868C9680392CDE90110B4F8781073
:1088C000A4F8BA902AF8B81FD4F82C019DED030A39
:1088D0009DED011A9DED042A9DED023A22EE432AF8
:1088E000A0EE012A32EE020A80ED000A9DED041A84
:1088F0009DED032A9DED023A9DED014A23EE043AD7
:10890000B0EEC00AA1EE023A33EE031A80ED011A6E
:108910009DED041A9DED042A9DED033A9DED034A59
:1089200023EE443AA1EE023A9DED021A9DED022A91
:10893000A1EE423A9DED011A9DED012AA1EE023A07
:1089400080ED023A03F0F8FF40F28046C2F20046A2
:1089500086ED610AD4F82C0190ED010AB0EEC00A50
:1089600003F0EAFF86ED620AD4F82C0190ED020ACA
:10897000B0EEC00A03F0E0FF204686ED630A25460C
:1089800030F8481F25F8C01F51462A46A5F8029026
:1089900004F0AEFE84F8C80028883880584629467E
:1089A0003A46A4F8AA9004F0F7FD84F8C800288895
:1089B000A4F8BA0028465146AAF8009004F014FF23
:1089C00084F8C80006F5E0725046394604F0E4FD2C
:1089D000B6EE000A84F8C80096ED731A21EE002A5C
:1089E00096ED720AB4EE420AF1EE10FA08DA86F851
:1089F0003891B4EE410AF1EE10FA0DDC26E000BF2A
:108A000096F83891B9F1000F18BF4FF00109B4EE94
:108A1000410AF1EE10FA19DDB9F1000F16D0D6E9CE
:108A2000502196F83901013241F10001002804BFBC
:108A300002460146B2F1330071F10000C6E950214F
:108A4000C0F01A81002086F838011DE09FED993AA8
:108A500031EE402A21EE033A9FED954A21EE041AA9
:108A6000B9F1000F4FF0000082EE032AB7EE003A92
:108A7000B4EE410AC6E9500003FE022AF1EE10FAF4
:108A800032FE030A86ED670A002084F82C00B4F851
:108A900058004146A4F8A800B4F88200A4F8AA003F
:108AA00000983A4604F078FD04F1980884F8C8006C
:108AB00038465946424604F06FFDB4F898C084F831
:108AC000C800B4F89A20D4F81C0102FB0CF2E2B3FF
:108AD0000027002300EB870143F00107FFB296ED6A
:108AE000670A91ED001ABA4220EE010A81ED000AF0
:108AF0002BD900EB870143F00207FFB296ED670A1E
:108B000091ED001ABA4220EE010A81ED000A1CD94B
:108B100000EB870143F00307FFB296ED670A91ED82
:108B2000001ABA4220EE010A81ED000A0DD900EBCD
:108B300087010433DFB296ED670A91ED001ABA425D
:108B400020EE010A81ED000AC4D896ED610A9FED7E
:108B50005A1A80EE010A90ED0C2A2946524620EE60
:108B6000020A90ED0D2A80ED0C0A96ED610A80EE66
:108B7000010A20EE020A90ED0E2A80ED0D0A96ED14
:108B8000610A80EE010A20EE020A90ED0F2A80EDC4
:108B90000E0A96ED620A80EE010A20EE020A90EDBE
:108BA000102A80ED0F0A96ED620A80EE010A20EE8F
:108BB000020A80ED100A96ED620A80EE010A90ED3D
:108BC000111A20EE010A80ED110A0120A4F8BA0062
:108BD0004046A4F8B8C004F0DFFC84F8C80096F85A
:108BE00038010028D4F8BC0037D096ED6F0A9FED0D
:108BF000331A20EE012A90ED043AB4EE423AF1EE37
:108C000010FA05DDB0EE423A80ED042A96ED6F0AC7
:108C10009FED2B2A20EE024AB4EE443AF1EE10FA10
:108C2000BCBF80ED044A96ED6F0A20EE013A90ED4C
:108C3000051AB4EE431AF1EE10FA05DDB0EE431A50
:108C400080ED053A96ED6F0A20EE020AB4EE401A66
:108C5000F1EE10FAB8BF80ED050A0021C16004F101
:108C6000380004F13002514603F0AEFE84F8C8002B
:108C700005B0BDE8F08F00BF40F21035217BC2F295
:108C80000045288801FB00F2D4E93A01F7F7C9FC56
:108C90002888217B484300FB01F2D4E93E01F7F725
:108CA000C0FC012084F82C0005B0BDE8F08F00BFA7
:108CB000CDCCCC3D6666663FDA0FC93F0AD7233C70
:108CC0000AD723BC0000000080B541F2A40049F699
:108CD000D811C2F20040C2F201414FF4C062FEF767
:108CE0006BFD40F6783040F20F41C2F20040C4F212
:108CF0000201006888426FF0080111DC6F22C4F2A3
:108D00000202904222DC3F22C4F20202904239DC8D
:108D10001022C4F2020290425CD0282254E000BF2C
:108D200040F26F42C4F2020290421BDC40F23F422A
:108D3000C4F2020290422DDC40F21042C4F2020260
:108D4000904247D040F228423EE000BF9F22C4F24A
:108D50000202904228DC7022C4F20202904239D012
:108D6000882231E040F29F42C4F20202904223DCAA
:108D700040F27042C4F2020290422BD040F288428C
:108D800022E000BF4022C4F20202904222D05822C8
:108D90001AE000BF40F24042C4F20202904219D0F1
:108DA00040F2584210E000BFA022C4F202029042FA
:108DB00010D0B82208E000BF40F2A042C4F2020284
:108DC000904207D040F2B842C4F20202904218BF6B
:108DD0006FF0040102681140016080BD00000000D6
:108DE00000283BD070B540F270250446C2F2004521
:108DF00000792875206828612078A52840F0D78060
:108E00000521204603F02CFC012829D1607800F1CF
:108E10000901204603F070FB012821D1B4F80500B8
:108E2000B0F5827F1EDBA0F201210C292ED8DFE8ED
:108E300001F007596B75AA7D818D95AAAAAA9B009E
:108E4000E07C05F1580385F86400D4F80700D4F8F5
:108E50000B10D4F80F2007C395E000BF0120704726
:108E600000269AE0022807DC01281DD0022804BF52
:108E7000E079687087E000BF032821D040F201113B
:108E8000884204BFD4F80700E8607CE0B0F5827F38
:108E900074D040F20511884275D1607AE872B4F856
:108EA0000700A5F809006EE0D4F80700D4F80B100D
:108EB000D4F80E20C5F84720C5E9100163E000BFD3
:108EC00040F2BC30D4F80710C2F200400160D4F880
:108ED0000B104160D4F80F108160D4F81310C160FA
:108EE00051E000BFB4F81300A5F87100D4F80700F2
:108EF000D4F80B10D4F80F20C5F86D20C5F8691010
:108F0000C5F865003FE000BFD4F80700D4F80B10A7
:108F1000D4F80F206A652965E86434E0D4F80700C6
:108F2000D4F80B10C5E90C012DE000BFE079A87062
:108F300029E000BFD4F80700D4F80A10C5F82610BD
:108F4000A988C5F82300481CA8801CE0B4F80B00D1
:108F5000A887D4F80700A86315E000BFE07A287757
:108F6000D4F80700A8610EE0B4F80B00A5F82100C2
:108F7000D4F80700C5F81D0005E000BF607A28722C
:108F8000B4F80700E880B5F81100204410F8091F74
:108F9000A52901D1FFF724FF0126B5F811002044CF
:108FA00010F8091FA52905D1FFF71AFF26B90020DF
:108FB000287070BD002EFAD00120287070BD00000E
:108FC00010B549F6D814C2F201442046FFF708FF55
:108FD0004FF4C0612046F7F778FB10BD0000000099
:108FE00080B541F2A40049F6D811C2F20040C2F2A5
:108FF00001414FF4C062FEF7DFFB40F6783040F2EB
:109000000F41C2F20040C4F20201006888426FF0D2
:10901000080111DC6F22C4F20202904222DC3F22DE
:10902000C4F20202904239DC1022C4F202029042E1
:109030005CD0282254E000BF40F26F42C4F202022A
:1090400090421BDC40F23F42C4F2020290422DDC0F
:1090500040F21042C4F20202904247D040F228424D
:109060003EE000BF9F22C4F20202904228DC702240
:10907000C4F20202904239D0882231E040F29F428D
:10908000C4F20202904223DC40F27042C4F20202B7
:1090900090422BD040F2884222E000BF4022C4F22E
:1090A0000202904222D058221AE000BF40F2404211
:1090B000C4F20202904219D040F2584210E000BFC0
:1090C000A022C4F20202904210D0B82208E000BFF1
:1090D00040F2A042C4F20202904207D040F2B842ED
:1090E000C4F20202904218BF6FF0040102681140FE
:1090F000016080BD000000002DE9F04740F210370C
:109100000446C2F2004704260173C0F20806427307
:10911000894683730020207418463E6090469A4624
:1091200005F072F851466061F7F7ADFA388800FB38
:109130000AF005F069F83988A06101FB0AF1F7F738
:10914000C4FA388800FB0AF005F05EF83988E0615F
:1091500001FB0AF1F7F7B9FA388800FB09F005F0CE
:1091600053F83988206201FB09F1F7F7AEFA50464F
:1091700005F04AF851466062F7F785FA388800FB37
:1091800009F005F041F83988206001FB09F1F7F793
:109190009CFA388800FB0AF005F036F839886060E0
:1091A00001FB0AF1F7F791FA388800FB08F005F0A7
:1091B0002BF83988A06001FB08F1F7F786FA3888A8
:1091C00000FB09F005F020F83988C4F8E80001FB3D
:1091D00009F1F7F77AFA217B04F13000D4F8E8308E
:1091E000012203F06DFC388800FB09F005F00CF853
:1091F0003988C4F8EC0001FB09F1F7F766FA217B26
:1092000004F13800D4F8EC30012203F059FCB8F135
:10921000000F13D0388800FB08F004F0F5FF398800
:10922000C4F8F00001FB08F1F7F74FFA617B04F195
:109230004000D4F8F030012203F042FC388800FBF3
:109240000AF004F0E1FF3988C4F8F40001FB0AF1E8
:10925000F7F73BFAA17B04F14800D4F8F43001227F
:1092600003F02EFC388809FB09F6704304F0CCFFAC
:109270003988C4F8F8007143F7F727FA217B04F125
:109280005000D4F8F8300A4603F01AFC38887043CE
:1092900004F0BAFF3988C4F8FC007143F7F715FAF7
:1092A000217B04F15800D4F8FC300A4603F008FC96
:1092B0003888704304F0A8FF3988C4F8000171436E
:1092C000084604F0A1FF3988C4F80401D4F800016D
:1092D0007143F7F7FAF9388806FB00F1D4F8040176
:1092E000F7F7F3F9217B04F16000D4F800310A4666
:1092F00003F0E6FB217B04F16800D4F804310A4650
:1093000003F0DEFBB8F1000F13D0388808FB09F535
:10931000684304F079FF3988C4F808016943F7F716
:10932000D4F9217B04F17000627BD4F8083103F09A
:10933000C7FB38880AFB09F5684304F065FF3988E4
:10934000C4F80C016943084604F05EFF3988C4F88C
:109350001001D4F80C016943F7F7B7F9388805FB19
:1093600000F1D4F81001F7F7B0F9227B04F178008E
:10937000A17BD4F80C3103F0A3FB217B04F1800026
:10938000A27BD4F8103103F09BFB3888704304F0C3
:109390003BFF3988C4F814017143F7F796F9217B34
:1093A00004F18800D4F814310A4603F089FB3888A8
:1093B0000AFB0AF6704304F027FF3988C4F8180145
:1093C0007143F7F782F9A17B04F19000D4F81831CA
:1093D0000A4603F075FB3888684304F015FF3988A6
:1093E000C4F81C016943F7F770F9217B04F1980078
:1093F000A27BD4F81C3103F063FB3888217B4843FF
:10940000484304F001FF3988227BC4F8200151430E
:109410005143F7F75AF93888217B4843484304F011
:10942000F3FE3988227BC4F8240151435143F7F7F6
:109430004CF93888217B4843484304F0E5FE3988DD
:10944000227BC4F8280151435143F7F73EF938888D
:10945000217B484304F0D8FE3988227BC4F82C01D4
:109460005143F7F732F93888217B484304F0CCFEAA
:109470003988227BC4F83001D4F82C015143F7F726
:1094800024F9217B04F1A000D4F820310A4603F02E
:1094900017FB217B04F1A800D4F824310A4603F01D
:1094A0000FFB217B04F1B000D4F828310A4603F009
:1094B00007FB217B04F1B800D4F82C31012203F022
:1094C000FFFA217B04F1C000D4F83031012203F00F
:1094D000F7FA002084F82C00A062BDE8F0870000B5
:1094E00080B582B044F2D8400022C5F6020001687F
:1094F00041F001010160016801F001010191019950
:10950000016841F0020101600068052100F00200DD
:10951000009000980B20FAF77FFE0B20FAF768FE08
:109520000C2005210022FAF777FE0C20FAF760FEE6
:109530000D2005210022FAF76FFE0D20FAF758FEE4
:109540000F2005210022FAF767FE0F20FAF750FEE0
:10955000102005210022FAF75FFE1020FAF748FEDE
:10956000382005210022FAF757FE3820FAF740FE8E
:10957000392005210022FAF74FFE392002B0BDE85C
:109580008040FAF735BE000080B540F658504AF2E8
:109590000001C2F20040C4F200014FF0000C0322AF
:1095A00001600D23C0E902CCC0F80FC00821426160
:1095B000142282611D22C2610A22026201224262D9
:1095C00002228262C0E90B32C0F834C00423C0E931
:1095D0000E33C0E91013C0E91213C0E91423C0E927
:1095E000161120218366C0E9181CFAF751F80028EB
:1095F00008BF80BDBDE88040F7F782BE00000000D4
:1096000080B540F6F8504AF20041C2F20040C4F280
:1096100000014FF0030C142301600021C0E9021186
:10962000C0F80F100222C0F814C083611D23C3616B
:109630000A2303620123436282620D22C0E90B23E5
:1096400040F20642426304220823C0E90E22C0E928
:109650001032C0E91232C0E914C2C0E91633C0E9C1
:1096600018318266FAF714F8002808BF80BDBDE8FB
:109670008040F7F745BE000080B540F698604DF297
:109680000041C2F200401D2200F11C0EC4F2000194
:1096900001600021C0E90211C0F80F104FF0030C67
:1096A000C0F814C00A2383618EE80C10C0E90A32A6
:1096B000036340F6120242630122C0E90E21042234
:1096C0008266C0E91022C0E91212C0E91412C0E992
:1096D0001611C0E91821F9F7DBFF002808BF80BD8B
:1096E000BDE88040F7F70CBE10B5C6B04FF2A4201D
:1096F000C0F6000001683F91416840918168419146
:10970000C1684291016943914169449180694590E2
:109710003FA8002104F05CFB40F2A814C2F2004410
:1097200020604FF25020C0F6000001683891416877
:10973000399181683A91C1683B9101693C914169D5
:109740003D9180693E9038A8002104F041FB6060A3
:109750004FF26C20C0F600000168319141683291EF
:1097600081683391C16834910169359141693691BD
:109770008069379031A8002104F02AFBA0604FF2E5
:109780003420C0F6000001682A9141682B9181685D
:109790002C91C1682D9101692E9141692F918069A9
:1097A00030902AA8002104F013FBE0604FF28820DB
:1097B000C0F60000016823914168249181682591D9
:1097C000C168269101692791416928918069299092
:1097D00023A8002104F0FCFA206133A032491C9137
:1097E00041681D9181681E91C1681F910169209196
:1097F00041692191806922901CA8002104F0E8FAB7
:10980000606130A02F4915914168169181681791C8
:10981000C16818910169199141691A9180691B9079
:1098200015A8002104F0D4FAA0612DA02C490E91B6
:1098300041680F9181681091C1681191016912917D
:1098400041691391806914900EA8002104F0C0FAB8
:10985000E0612AA02949079141680891816809912E
:10986000C1680A9101690B9141690C9180690D9061
:1098700007A8002104F0ACFA206227A02649009135
:109880004168019181680291C16803910169049165
:1098900041690591806906906846002104F098FAB4
:1098A000606246B010BD00BFD7FC000879A0000878
:1098B0000300000000000000800000000000000025
:1098C00000000000B0FC0008699E000802000000D3
:1098D0000000000000020000000000000000000086
:1098E00002FD000899A6000800000000000000002A
:1098F000800000000000000000000000C4FC000820
:1099000071A200080000000000000000000100003B
:109910000000000000000000EBFC000861A000084F
:109920000000000000000000000100000000000036
:109930000000000000000000F0B587B044F2E040F5
:109940000025C5F60200069540F6000401220168D4
:10995000C5F6020441F0800101600168092601F0AA
:10996000800101910199016841F0040101600168E1
:10997000012701F0040101910199016841F0010101
:109980000160016801F0010101910199016841F054
:1099900002010160016801F0020101910199016871
:1099A00041F0080101600068092100F00800019001
:1099B00001982046FAF710FB0320059002A92046E3
:1099C000CDE902670495FAF72FFA4FF00060002105
:1099D000FCF72EFD07B0F0BD10B540F6387443F625
:1099E0000000C2F20044C4F20000072120604FF4DE
:1099F000800060600020A060E1604FF00071216194
:109A00004FF0807161614FF08061A1614FF0804142
:109A1000C4E90710C4E90900E06204F13800616399
:109A20002421F6F752FE2046FCF76AF9002808BF09
:109A300010BDBDE81040F7F763BC00000000000057
:109A4000B0B590B040F6C07041F60005C2F20040DB
:109A500000240994C4F20005CDE90644CDE904448C
:109A60000560EF21C0E9011440F2E7318461C0E9EB
:109A70000314FDF769FA08B1F7F742FC40F6C0702D
:109A800008A9C2F2004008940A94FCF7E9FC08B166
:109A9000F7F736FC40F6C0746020C2F20044019033
:109AA00000200590CDE9020001A904222046FCF720
:109AB000EBFF08B1F7F724FC2068A84218D040F269
:109AC0000041C4F20001884231D144F2E0408022DA
:109AD000C5F60200016841F0010101600068032140
:109AE00000F001000B900B980020C5F6020014E076
:109AF00044F2E0404FF40042C5F60200016841F034
:109B000002010160006800F002000B9000200B9938
:109B1000C5F60200002100F5806000230B92CDE91C
:109B20000D310BA902220C920F92FAF77DF910B0B9
:109B3000B0BD000000000000B0B594B041F2580084
:109B400040F20045C2F2004000210E91C4F200052F
:109B5000CDE90C11CDE90911CDE90711CDE90511C8
:109B6000CDE90311CDE9011105600222C0E901210F
:109B700063228161C0E90321FCF7E2FC08B1F7F739
:109B8000BFFB4FF480500B9041F258000BA9C2F27A
:109B90000040FCF7B5FD08B1F7F7B2FB41F2580001
:109BA000C2F20040FDF7D0F908B1F7F7A9FB41F286
:109BB000580008A9C2F20040002408940A94FCF757
:109BC0004FFC08B1F7F79CFB60200394CDE901043A
:109BD000059441F25804C2F2004401A9042220462F
:109BE000FCF752FF08B1F7F78BFB41F60001206844
:109BF000C4F20001884215D0A84232D144F2E040BC
:109C00008022C5F60200016841F001010160006890
:109C1000032100F001000F900F980020C5F602000C
:109C200015E000BF44F2E0404FF40042C5F60200E8
:109C3000016841F002010160006800F002000F902D
:109C400000200F99C5F60200002100F58060002376
:109C50000F92CDE911310FA9022210921392FAF757
:109C6000E3F814B0B0BD000080B541F2A40041F2A9
:109C70000001C2F20040C4F201010C2201604FF465
:109C8000E13141600021C0E902110161C0E9052113
:109C9000C0E90711C0E90911FEF75EFA08B1F7F74C
:109CA0002FFB41F2A4000021C2F20040FDF748FE64
:109CB00008B1F7F725FB41F2A4000021C2F20040F1
:109CC000FDF7F6FD08B1F7F71BFB41F2A400C2F265
:109CD0000040FDF755FD002808BF80BDBDE880406D
:109CE000F7F70EBB0000000080B541F2381044F2D7
:109CF0000041C2F2004048F28042C4F20001C0F2CA
:109D00001E02C0E900124FF4805181600021C16041
:109D10004FF4806202610C220023C0E90521C0E9F2
:109D20000711C0E9091100210022FBF779FE08B1F3
:109D3000F7F7E6FA41F238100021C2F20040FDF7D1
:109D4000FFFD08B1F7F7DCFA41F238100021C2F24A
:109D50000040FDF7ADFD08B1F7F7D2FA41F2381037
:109D6000C2F20040FDF70CFD002808BF80BDBDE831
:109D70008040F7F7C5BA0000B7EE001A40F2143081
:109D8000C2F2004000214FF07E5281EE000A416095
:109D9000C0E90221C0E904118161C0E90711017025
:109DA00080ED090A70470000FEE700000000000097
:109DB000FEE700000000000084B040F2777041F23E
:109DC000CC14C0F29600019040F2BC30C2F20044C4
:109DD00001A9C0F2960002904FF016700390204641
:109DE0000D1D01F1080600F00BFD2046294600F08C
:109DF00007FD2046314600F003FD40F2B41000217B
:109E0000C2F2004002220023006804F0EDFF40F699
:109E1000C075C2F200450BE004212846FDF770FB37
:109E200001204FF0FF3104F00FFB142003F0C0FFBE
:109E3000204600F021FD0028EED1204600F0C8FCAD
:109E40000646078804212846FDF75AFB47B12868D3
:109E50007908C762EF60816304212846FDF7E4F8C2
:109E6000708803F0A5FFE0E7F6F756FD40F24836AC
:109E700041F2381949F6D87540F2706B40F2BC18BF
:109E8000C2F200460024C2F20049C2F201454FF07E
:109E9000010AC2F2004BC2F2004806E0D8F8000006
:109EA00003F0C6FF022003F083FFB068632800F1CF
:109EB0000100B060C0F288807068B460052800F2CC
:109EC00082804FF4807248462946FDF775FC40F6C3
:109ED000684040F20F41C2F20040C4F20201006843
:109EE00088426FF0080111DC6F22C4F20202904236
:109EF00022DC3F22C4F20202904239DC1022C4F27A
:109F0000020290425CD0282254E000BF40F26F422F
:109F1000C4F2020290421BDC40F23F42C4F2020251
:109F200090422DDC40F21042C4F20202904247D02F
:109F300040F228423EE000BF9F22C4F2020290425B
:109F400028DC7022C4F20202904239D0882231E02B
:109F500040F29F42C4F20202904223DC40F270427F
:109F6000C4F2020290422BD040F2884222E000BFAD
:109F70004022C4F20202904222D058221AE000BFCE
:109F800040F24042C4F20202904219D040F25842DC
:109F900010E000BFA022C4F20202904210D0B8220A
:109FA00008E000BF40F2A042C4F20202904207D093
:109FB00040F2B842C4F20202904218BF6FF00401AE
:109FC0000268114001607460707801287FF46AAF04
:109FD000287886F802A0AA287FF460AF95F83F00A1
:109FE000FE287FF45BAFB5F801003746ABF80A00F6
:109FF000B5F80300ABF8CA00B5F80500ABF88A0164
:10A00000B5F80700ABF84A0295F83E007070AB2037
:10A0100007F80C0FBBF80200A6F80D00BBF8C20051
:10A02000A6F80F00BBF88201A6F81100BBF84202A7
:10A0300040F2CC31A6F8130006F115001C22C2F242
:10A040000041F6F7A9FA4FF60150A6F84A0040225F
:10A050004846394686F800A0FEF7BAF91EE7000028
:10A060004FF4FA6003F0A4FE01F00AF80A2003F0AE
:10A070009FFEF9E70000000082B040F2BC10C2F27F
:10A080000040006803F0F0FE40F65850C2F2004075
:10A090000068816921F0010181610A20F8F794FECE
:10A0A00040F24A3940F2493A41F2381B49F6D87633
:10A0B00040F6684540F20F4800270124C2F20049EB
:10A0C000C2F2004AC2F2004BC2F20146C2F200459F
:10A0D000C4F2020809E000BFC4F20202904218BFB5
:10A0E0006FF0040102681140016040F658504FF4CF
:10A0F000007100220023C2F200400097019702F095
:10A10000D7F90120F8F760FE9AF8000089F80040BE
:10A11000012803D084F31388FAF7BEF80020322117
:10A120000022002302F004FB4B20F8F74DFE002034
:10A1300000210022002302F0FBFA4B20F8F744FE36
:10A140004FF4807258463146FDF736FB28686FF0B1
:10A150000801404510DC6F22C4F20202904221DC6B
:10A160003F22C4F20202904238DC1022C4F2020202
:10A170009042B7D02822AFE740F26F42C4F2020209
:10A1800090421BDC40F23F42C4F2020290422DDCBE
:10A1900040F21042C4F202029042A3D040F22842A0
:10A1A0009AE700BF9F22C4F20202904228DC70228C
:10A1B000C4F20202904295D088228DE740F29F427D
:10A1C000C4F20202904223DC40F27042C4F2020266
:10A1D00090423FF487AF40F288427DE74022C4F2CC
:10A1E000020290423FF47EAF582275E740F24042AF
:10A1F000C4F2020290423FF475AF40F258426BE75E
:10A20000A022C4F2020290423FF46CAFB82263E78E
:10A2100040F2A042C4F2020290423FF463AF40F227
:10A22000B84259E700000000DFED0D0AB2EE040A63
:10A23000F7EE001AB0EE602A9FED081ADFED092A4A
:10A24000FEF712FA9FED080AFFF796FDF6F7C8FC35
:10A250000028FBD1012003F0ABFDFBE78096184BF3
:10A260006F12833A0000000000007A4400000000F2
:10A2700040F2702440F2BC354FF4FA70C2F2004450
:10A28000C2F200454FF004084FF018094FF0400AA1
:10A290008027002642E000BF94F8211094F8373060
:10A2A00061F34100A16908EAD132104409EA114280
:10A2B00010441A07024658BF2032802B0AEA113395
:10A2C00008BF024607EA5140B4F860101844B4F8D9
:10A2D0006F301043E875B4F85E006984288495F8FF
:10A2E000240094F8642000F0F80002F00702104403
:10A2F00085F82400C81A94F85810C5E906660A299A
:10A300004FF00001A5F82500D4F82600C5F8270075
:10A310004FF0640088BF012185F82B1003F048FD41
:10A3200094F84000A17800092874B4F841000F297E
:10A33000A5F81100B4F85A00A5F81300208FA5F86D
:10A3400015004FF00000A7D811F00F021EBF01F05A
:10A35000F000A07001209FE740F200049E21C2F2AD
:10A3600000442046F6F7B1F9002000210022002326
:10A370004FF0000802F0DCF94AF2DC0741F258091C
:10A38000C2F201474FF021154FF0210BC2F20049F4
:10A390004FF0010A14E000BFD9F8000004214F2358
:10A3A0002246C0F83880484687F800A0FCF70CFF2A
:10A3B00000284FF4FA7018BF87F8008003F0F8FC0B
:10A3C000F9F712FE064600BF387850B1F9F70CFED7
:10A3D000801B0328F8D304214846FDF71DF987F8B0
:10A3E00000804220A08042202560C0F22100C4F8F5
:10A3F00006002120C4F81250C4F82250C0F24200D6
:10A40000C4F81650C4F82650C4F80A00C4F81A500C
:10A41000C4F82A50C4F80E50C4F81E50A4F82EB048
:10A42000F9F7E2FD064600BF387850B1F9F7DCFDD8
:10A43000801B0328F8D304214846FDF7EDF887F880
:10A440000080D9F8000004214F232246C0F838804C
:10A45000484687F800A0FCF7B7FE00284FF4FA70D2
:10A4600018BF87F8008003F0A3FCF9F7BDFD06468E
:10A47000387850B1F9F7B8FD801B0328F8D30421D0
:10A480004846FDF7C9F887F800802560C4F81250E7
:10A49000C4F82250A4F804B0C4F80650C4F816500A
:10A4A000C4F82650C4F80A50C4F81A50C4F82A5008
:10A4B000C4F80E50C4F81E50A4F82EB0F9F794FD5D
:10A4C000064600BF387800283FF466AFF9F78CFDE8
:10A4D000801B0328F6D304214846FDF79DF887F832
:10A4E000008059E70000000082B040F2DC5003F029
:10A4F0005FFCB2EE048AB1EE089A40F270649FED00
:10A5000063AA9FED63BAC2F200449FED62CAB0EE47
:10A51000480AF0EE4A0AB0EE491AF0EE4B1AB0EED5
:10A520004C2A04F11409484600F0C2F8B0EE480A7B
:10A53000F0EE4A0AB0EE491AF0EE4B1AB0EE4C2A91
:10A5400004F1D40A504600F0B3F8B0EE480AF0EE39
:10A550004A0AB0EE491AF0EE4B1AB0EE4C2A04F556
:10A56000CA78404600F0A4F8B0EE480AF0EE4A0A75
:10A57000B0EE491AF0EE4B1AB0EE4C2A04F51577FE
:10A58000384600F095F8B0EE4A0A484600F09CF8CC
:10A59000B0EE4A0A504600F097F8B0EE4A0A40463C
:10A5A00000F092F8B0EE4A0A384600F08DF840F21A
:10A5B00048354FF0000BC2F2004502E0012003F0E5
:10A5C000F7FB28780028F9D0B4F90A00B4F9021092
:10A5D00000EE100A484601EE101AB8EEC00AF8EE76
:10A5E000C10A00F075F8B4F9CA00B4F9C21000EE5F
:10A5F000100A504601EE101AB8EEC00AF8EEC10A71
:10A6000000F066F8B4F98A01B4F9821100EE100A7C
:10A61000404601EE101AB8EEC00AF8EEC10A00F08A
:10A6200057F8B4F94A02B4F9421200EE100A38465B
:10A6300001EE101AB8EEC00AF8EEC10A00F048F8B0
:10A6400094ED6C2A4FF4007194ED0C0ABDEEC22A11
:10A6500094ED3C1ABDEEC00ABDEEC11A94ED9C3AD1
:10A66000BDEEC33A12EE100A10EE102A11EE103AA7
:10A67000009013EE106A40F65850C2F20040019666
:10A6800001F016FF85F800B098E700BF0000000059
:10A690000000FA4500007A4640F2DC5003F088FBE7
:10A6A0004FF47A7003F084FBFAE70000000000002A
:10A6B00080EC030AC0ED061A002180ED082A4162F1
:10A6C000704700000000000080ED090A704700009C
:10A6D00030EE600A90ED092A90ED013A90ED025AB1
:10A6E00090ED054AB0EEC01AB4EE412A9FED1A1A59
:10A6F000F1EE10FA31FE000A90ED031A80ED041A13
:10A7000080ED030A30EE412AA0EE034A90ED063AAE
:10A71000B1EE436A25EE022A90ED005A84FE433AD8
:10A72000A0EE052AB4EE464A90ED084AF1EE10FA82
:10A73000B1EE445A33FE063A80ED053A32EE032A72
:10A7400082FE441AB4EE452AF1EE10FA31FE050AF3
:10A7500080ED070A704700BF000000000000000005
:10A76000EFF30980BFF36F8F154B1A681EF0100FBF
:10A7700008BF20ED108A20E9F04F10602DE9090094
:10A780004FF0500080F31188BFF34F8FBFF36F8FEE
:10A7900004F0BEF94FF0000080F31188BDE8090015
:10A7A00019680868B0E8F04F1EF0100F08BFB0EC51
:10A7B000108A80F30988BFF36F8F704700BF00BF16
:10A7C000D001002400000000C16002747047000046
:10A7D00080B5C1880289914202D1002080BD00BFAE
:10A7E000B0F804E0D0F800C04B1CB3FBFEF202FB53
:10A7F0001E325CF82110C280084680BD00000000B7
:10A8000010B5B0F808E0044680880EF10102B2FBF2
:10A81000F0F303FB1020E288904208BF10BDD4F88B
:10A820000CC0BCF1000F15D0227C02FB0EC0F5F766
:10A83000B3FE2189A08894F810C04A1CB2FBF0F343
:10A8400003FB10202268E3680CFB013342F821303F
:10A85000208110BD226842F82E10208110BD00001A
:10A86000B0B5054688000C46F5F7C8FD2860AC80F9
:10A87000B0BD000000000000C1880089081AB0FACD
:10A8800080F0400970470000F0B581B044F22C47D9
:10A89000C5F6020757F8042C02F00302032A03D17D
:10A8A000012001B0F0BD00BF054657F82C0C0C4646
:10A8B00020F0806047F82C0CF9F796FB064600BFA5
:10A8C00057F82C0C000105D5F9F78EFB801B0228E8
:10A8D000F6D964E057F8040CEE6895E80E0020F411
:10A8E0007C30012C40EA0130A2F101016FF35F21BD
:10A8F0004FF47E4202EB432247F8040C92B24FF031
:10A90000FE4302EB01004FF4FE012A6901EB064110
:10A9100001F4FE0103EB0262084402F0FE41084428
:10A92000F8603868696920F0C00040EA01003860CA
:10A930003868A96920F0200040EA010038603868D2
:10A940004FF6F87120F0100038603869EA6920EAA3
:10A9500001004FF4001140EAC2003861386808BFB6
:10A960004FF4801140F01000002C386008BF4FF405
:10A97000002138680843386057F82C0C40F080609C
:10A9800047F82C0CF9F730FB044600BF57F82C0CA5
:10A99000000107D4F9F728FB001B0328F6D3032096
:10A9A00001B0F0BD002001B0F0BD000000000000CB
:10A9B000F0B581B044F22C47C5F6020757F8042CD5
:10A9C00002F00302032A03D1012001B0F0BD00BF51
:10A9D000054657F82C0C0C4620F0805047F82C0CFC
:10A9E000F9F702FB064600BF57F82C0C800005D58E
:10A9F000F9F7FAFA801B0228F6D964E057F8040C3C
:10AA0000EE6895E80E0020F07C70012C40EA0150C1
:10AA1000A2F101016FF35F214FF47E4202EB43226A
:10AA200047F8040C92B24FF0FE4302EB01004FF4E2
:10AA3000FE012A6901EB064101F4FE0103EB02620B
:10AA4000084402F0FE41084478613868696920F4DE
:10AA5000406040EA010038603868A96920F400705D
:10AA600040EA0100386038684FF6F87120F48070D1
:10AA70003860B869EA6920EA01004FF0807140EA65
:10AA8000C200B861386808BF4FF4000140F480701C
:10AA9000002C386008BF4FF48001386808433860E4
:10AAA00057F82C0C40F0805047F82C0CF9F79CFA22
:10AAB000044600BF57F82C0C800007D4F9F794FA2D
:10AAC000001B0328F6D3032001B0F0BD002001B025
:10AAD000F0BD00000000000040F63870C2F20040F7
:10AAE000FAF7E6BF00000000016840F26F32D1F8CB
:10AAF00014C08B6943F008038B618B6943F010032A
:10AB00008B610B6823F001030B600B6923EA0202DF
:10AB10000A618A6822F440428A6090F88120042AFF
:10AB200018BF1CF0200209D0D0F8842042F0800227
:10AB3000C0F884208A6942F020028A6190F881205E
:10AB4000032A18BF1CF040020CD15FEA8C5216D4C5
:10AB50005FEACC5220D40021A0F86210A0F86A105D
:10AB6000704700BFD0F8842042F00402C0F884206F
:10AB70008A6942F040028A615FEA8C52E8D5D0F8D7
:10AB8000842042F00102C0F884208A6942F40072F5
:10AB90008A615FEACC52DED5D0F8842042F0080208
:10ABA000C0F884208A6942F480728A610021A0F88A
:10ABB0006210A0F86A107047806B0021A0F86A103C
:10ABC000A0F86210012180F88110FAF76DBF000033
:10ABD000074B19680868B0E8F04F80F30988BFF3A5
:10ABE0006F8F4FF0000080F31188704700BF00BFE7
:10ABF000D001002400000000012003F0D9F8FBE799
:10AC000080B54FF0500080F31188BFF36F8FBFF312
:10AC10004F8F04F07DF930B14EF604504FF0805163
:10AC2000CEF200000160002080F3118880BD00009A
:10AC3000B0B59CB044F61804022000251195CDE96A
:10AC40000F55CDE90D55CDE90B550895C5F6020414
:10AC5000CDE90655CDE90455CDE902550195F9F741
:10AC60001FFB0095206820F440402060206800F41D
:10AC70004040009000982068800409D42068800437
:10AC80005CBF20685FEA804002D420688004F2D56F
:10AC9000012009904FF480310A9102212822CDE948
:10ACA000152004201491CDE917010C20199009A852
:10ACB0000024CDE91211CDE91A44FAF725FC28B198
:10ACC000EFF3108072B600BFFEE700BF3F20019097
:10ACD00003204FF48061CDE9020408200490402055
:10ACE000CDE90500CDE9071001A80321FAF798F98D
:10ACF00020B1EFF3108072B6FEE700BF1CB0B0BD0C
:10AD00004EF6885042F2000CCEF20000C5F2002C44
:10AD1000026842F470020260DCF8000000F00F00EC
:10AD2000062806D8DCF80000072262F30300CCF8FE
:10AD3000000044F200404EF67F51C5F60200CEF608
:10AD4000F621026842F001020260002202610368FB
:10AD500019400160DCF80010090706D5DCF8001086
:10AD6000072363F30301CCF8001040F20021826155
:10AD7000C261C0F20221026281620021C0F2FF11B1
:10AD8000C16240F28021C0F201110163426381631C
:10AD9000C26301644264016821F48021016002669B
:10ADA000D0F8D410C90448BF7047D0F8D41043F28B
:10ADB000D20241F48051C0F8D41044F20001C5F22F
:10ADC00000210A60D0F8D41021F48051C0F8D410CA
:10ADD000704700000000000041F20C00C2F2004089
:10ADE000FBF796BD0000000040F6C070C2F20040C4
:10ADF000FBF78EBD0000000010B540F6FF32D0F822
:10AE000000E0C4F20002904210DCB0F1804F1ED08E
:10AE100040F20043C4F20003984218D040F6000309
:10AE2000C4F20003984212D016E000BF40F600437F
:10AE3000C4F2000398420AD040F20043C4F2010376
:10AE4000984204D00023C4F20103984204D12EF0AA
:10AE500070024B6843EA020E4EF2FF3343F6FF7C6A
:10AE6000C4F20003C4F2010C984213DD60452BDCF0
:10AE70004EF20043C4F20003984242D00023C4F2D1
:10AE8000010398423DD040F20043C4F201039842CE
:10AE900037D03BE040F2FF73C4F20003984227DD55
:10AEA00040F60003C4F2000398422AD040F6004363
:10AEB000C4F20003984224D04EF20003C4F200030F
:10AEC00098421ED022E000BF44F20003C4F2010306
:10AED000984216D044F60003C4F20103984210D001
:10AEE00044F20043C4F2010398420AD00EE000BFCE
:10AEF000B0F1804F05D040F20043C4F20003984205
:10AF000004D12EF44072CB6843EA020E4B696045CF
:10AF10000A688C68C462826212DD44F20002C4F2E4
:10AF20000102904217D044F60002C4F2010290429E
:10AF300011D044F20042C4F2010290420BD00CE066
:10AF40000022C4F20102904205D040F20042C4F255
:10AF50000102904201D109690163016841F00401D5
:10AF60000160012141612EF080011943016010BD93
:10AF700010B5846B616A814212D0A16A814219D0F6
:10AF8000E16A814220D0216B814226D1C06900282C
:10AF90004FF00800207720D1012084F841001CE008
:10AFA000C06900284FF00100207716D184F83E00D8
:10AFB00013E000BFC06900284FF0020020770CD1D9
:10AFC000012084F83F0008E0C06900284FF0040029
:10AFD000207702D1012084F840002046FCF708F8D1
:10AFE0000020207710BD000010B5846B616A81429B
:10AFF0000AD0A16A814209D0E16A814208D0216B5E
:10B00000814207D1082004E0012002E0022000E094
:10B01000042020772046FCF703F80020207710BD9D
:10B0200010B5846B616A81420CD0A16A81420FD055
:10B03000E16A814212D0216B814215D0012084F84F
:10B040003D0016E00120207784F83E0011E000BFAB
:10B0500002202077012084F83F000AE004202077B6
:10B06000012084F8400004E008202077012084F8C3
:10B0700041002046FBF744FC0020207710BD000073
:10B0800070B5F8F7B1FF40F670150446C2F20045FE
:10B09000D5E90010201A884204D9E868012620B9B1
:10B0A00004E000BF2869002600B18047D5E90510FB
:10B0B000201A2E72884203D9286A012618B903E0A3
:10B0C000686A002600B18047D5E90A10201A2E7759
:10B0D000884203D9686B012618B903E0A86B0026E3
:10B0E00000B18047D5E90F10201A85F830608842FA
:10B0F00004D9A86C012620B904E000BFE86C002642
:10B1000000B18047D5E91410201A85F844608842C0
:10B1100004D9E86D012620B904E000BF286E00269E
:10B1200000B18047D5E91910201A85F85860884287
:10B1300004D9286F012620B904E000BF686F0026FB
:10B1400000B18047D5E91E10201A85F86C6088424E
:10B1500004D9D5F8840038B1804710E0D5F88800CC
:10B1600000B1804700200BE041F23430C2F20040D1
:10B17000016801310160032901D3F5F7CDFB0120FE
:10B18000D5E92321611A85F88000914204D9D5F8C8
:10B190009800012420B904E0D5F89C00002400B1F7
:10B1A000804785F8944070BD816A0A070CD4CA07AD
:10B1B00015D18A071ED44A0727D4CA0630D48A0676
:10B1C00039D44A0655D541E00268D0F838C05368F2
:10B1D00023F4004343EA0C035360CA07E9D0026832
:10B1E000D0F82CC0536823F4003343EA0C035360B7
:10B1F0008A07E0D50268D0F830C0536823F4803362
:10B2000043EA0C0353604A07D7D50268D0F834C02C
:10B21000536823F4802343EA0C035360CA06CED557
:10B220000268D0F83CC0936823F4805343EA0C03CF
:10B2300093608A06C5D50268D0F840C0936823F4AD
:10B24000005343EA0C0393604A0612D50268D0F813
:10B2500044C0BCF5801F536823F4801343EA0C03F9
:10B26000536006D1536823F4C00C836C43EA0C038B
:10B270005360090658BF70470168C06C4A6822F4E1
:10B280000022104348607047B0B582B004460020E9
:10B29000C4F89000F8F7A8FE216805460A6812076E
:10B2A00037D54FF4001100226FF07E400090204609
:10B2B0002B4600F0F1FD58B3206850E8000F2168DC
:10B2C00020F0800041E80002F2B1206850E8000F51
:10B2D000216820F0800041E80002002A1FBF20689A
:10B2E00050E8000F216820F080001CBF41E80002F8
:10B2F000002A09D0206850E8000F216820F0800063
:10B3000041E80002002AD7D12020C4F8880062E07A
:10B3100021680868400765D54FF4800100226FF06E
:10B320007E40009020462B4600F0B6FD002859D004
:10B33000206850E8000F216820F4907041E8000276
:10B34000F2B1206850E8000F216820F4907041E8C5
:10B350000002002A1FBF206850E8000F216820F477
:10B3600090701CBF41E80002002A09D0206850E814
:10B37000000F216820F4907041E80002002AD7D124
:10B38000206850E8020F216820F0010041E8020225
:10B39000F2B1206850E8020F216820F0010041E876
:10B3A0000202002A1FBF206850E8020F216820F027
:10B3B00001001CBF41E80202002A09D0206850E8C1
:10B3C000020F216820F0010041E80202002AD7D1D3
:10B3D0002020C4F88C000320002184F8841002B0DF
:10B3E000B0BD00BF2020C4F88800C4F88C00002045
:10B3F000E0662067002184F8841002B0B0BD000030
:10B40000806B0021A0F85E10FCF7EABA0000000093
:10B41000806B0268D0F88830D0F88CC0916809063B
:10B4200058D5212B56D10021A0F85610016851E8BB
:10B43000001F026821F0C00142E80013F3B1016867
:10B4400051E8001F026821F0C00142E80013002B00
:10B450001FBF016851E8001F026821F0C0011CBF36
:10B4600042E80013002B09D0016851E8001F026870
:10B4700021F0C00142E80013002BD7D1016851E848
:10B48000021F026821F4000142E80213F3B10168CF
:10B4900051E8021F026821F4000142E80213002B68
:10B4A0001FBF016851E8021F026821F400011CBFA0
:10B4B00042E80213002B09D0016851E8021F02681C
:10B4C00021F4000142E80213002BD7D12021C0F85B
:10B4D000881002689168490640F18C80BCF1220F07
:10B4E00040F088800021A0F85E10016851E8001F3C
:10B4F000026821F4907142E80013F3B1016851E849
:10B50000001F026821F4907142E80013002B1FBF56
:10B51000016851E8001F026821F490711CBF42E8E5
:10B520000013002B09D0016851E8001F026821F4C4
:10B53000907142E80013002BD7D14FF6FE7CCEF677
:10B54000FF7C026852E8022F036802EA0C0243E81B
:10B550000221F1B1016851E8021F026801EA0C0101
:10B5600042E80213002B1FBF016851E8021F026866
:10B5700001EA0C011CBF42E80213002B09D001684C
:10B5800051E8021F026801EA0C0142E80213002B95
:10B59000D7D1C16E012927D1016851E8001F026887
:10B5A00021F0100142E80013F3B1016851E8001FD7
:10B5B000026821F0100142E80013002B1FBF016850
:10B5C00051E8001F026821F010011CBF42E800137F
:10B5D000002B09D0016851E8001F026821F010011A
:10B5E00042E80013002BD7D12021C0F88C10002195
:10B5F000C1664167D0F8901041F01001C0F890107A
:10B60000FCF7EEB900000000C169806BB1F5807FE6
:10B6100000F0AA800021A0F85E10016851E8001F28
:10B62000026821F4807142E80013FBB1016851E81F
:10B63000001F026821F4807142E80013002B1FBF35
:10B64000016851E8001F026821F480711CBF42E8C4
:10B650000013002B0AD0016851E8001F026821F492
:10B66000807142E80013002BD7D100BF016851E878
:10B67000021F026821F0010142E80213F3B10168E0
:10B6800051E8021F026821F0010142E80213002B79
:10B690001FBF016851E8021F026821F001011CBFB1
:10B6A00042E80213002B09D0016851E8021F02682A
:10B6B00021F0010142E80213002BD7D1016851E8C3
:10B6C000021F026821F0400142E80213F3B1016851
:10B6D00051E8021F026821F0400142E80213002BEA
:10B6E0001FBF016851E8021F026821F040011CBF22
:10B6F00042E80213002B09D0016851E8021F0268DA
:10B7000021F0400142E80213002BD7D12021C0F8DC
:10B710008C10C16E012927D1016851E8001F026811
:10B7200021F0100142E80013F3B1016851E8001F55
:10B73000026821F0100142E80013002B1FBF0168CE
:10B7400051E8001F026821F010011CBF42E80013FD
:10B75000002B09D0016851E8001F026821F0100198
:10B7600042E80013002BD7D100210167C16E0129E7
:10B7700004D1B0F85C10FCF76BB800BFFCF720BE3A
:10B78000806B01210167C16E012905D1B0F85C1001
:10B790004908FCF75DB800BFFCF716BE00000000CA
:10B7A000C169806BB1F5807F02D1FCF77DBE00BF1F
:10B7B0000021A0F85610016851E8021F026821F02C
:10B7C000800142E80213FBB1016851E8021F0268E0
:10B7D00021F0800142E80213002B1FBF016851E8ED
:10B7E000021F026821F080011CBF42E80213002BF7
:10B7F0000AD0016851E8021F026821F0800142E886
:10B800000213002BD7D100BF016851E8001F026866
:10B8100041F0400142E80013F3B1016851E8001F14
:10B82000026841F0400142E80013002B1FBF01688D
:10B8300051E8001F026841F040011CBF42E80013BC
:10B84000002B09D0016851E8001F026841F0400157
:10B8500042E80013002BD7D1704700000000000021
:10B86000806BFCF725BE0000F0B583B0044600688D
:10B8700046F6F31640F6004E22696569D4E90213D4
:10B880000A43E7690168CCF6FF762A433140114349
:10B89000C5F6000E394301604168704521F44051FE
:10B8A00044F2544C41EA03014160A2694FF2FF4364
:10B8B0001CBF216A0A438168C1F2FF131940C5F613
:10B8C000020C1143816047F6FF32C16AC4F20002E4
:10B8D00021F00F01656A90424FF0800341EA0501B3
:10B8E000C16219DD41F2FF71C4F2010188422DDC11
:10B8F00047F60041C4F20001884257D041F20001EE
:10B90000C4F20101884239D041F20041C4F2010180
:10B91000884233D057E000BF44F6FF31C4F2000143
:10B92000884237DD44F60041C4F2000188423DD030
:10B9300045F20001C4F20001884237D047F6000109
:10B94000C4F20001884231D03DE000BF41F6000161
:10B95000C4F20101884211D041F60041C4F2010154
:10B9600088420BD070452ED1DCF8041001F007029C
:10B97000062A80F081800FF2BC3122E0DCF8001052
:10B98000C1F3C202062A80F077804FF2C621C0F6CA
:10B99000000116E044F20041C4F20001884205D0E3
:10B9A00044F60001C4F2000188420CD1DCF800101A
:10B9B00001F00702062A80F05F804FF2C021C0F636
:10B9C00000018B181B78704540F60010C0F23D0056
:10B9D00000F05A80B7F5004F40F08480402B4FF0C4
:10B9E000010100F29E81DFE813F0410019019C0182
:10B9F0009C011F019C019C019C0127019C019C0151
:10BA00009C019C019C019C019C012F019C019C01BB
:10BA10009C019C019C019C019C019C019C019C013E
:10BA20009C019C019C019C019C013F019C019C018B
:10BA30009C019C019C019C019C019C019C019C011E
:10BA40009C019C019C019C019C019C019C019C010E
:10BA50009C019C019C019C019C019C019C019C01FE
:10BA60009C019C019C019C019C013D01F9F760FC3B
:10BA7000002840F0D680E5E08023704540F60010B5
:10BA8000C0F23D007FF4A6AF9A1E01211E2A00F2EB
:10BA90007780DFE812F01F0046017B004601460177
:10BAA0004601830046014601460146014601460122
:10BAB00046018D0046014601460146014601460108
:10BAC000460146014601460146014601460146013E
:10BAD00046019A00F8F70CFC002800F06680656AC1
:10BAE00073E000BF402B4FF0010100F21A81DFE844
:10BAF00013F04100D90018011801DF0018011801E6
:10BB00001801E7001801180118011801180118019F
:10BB10001801EF0018011801180118011801180187
:10BB2000180118011801180118011801180118014D
:10BB30001801FF0018011801180118011801180157
:10BB4000180118011801180118011801180118012D
:10BB5000180118011801180118011801180118011D
:10BB6000180118011801180118011801180118010D
:10BB70001801FD00F9F7DCFB002840F09680A5E0F5
:10BB8000402B40F0CE804FF400401EE06846F8F7AE
:10BB9000C3FB019800287FF4A2AF06E06846F8F7DF
:10BBA00053FC019800287FF49AAF0021B9E000BF50
:10BBB0005CF8540C800649F20000C0F2D03004D585
:10BBC0005CF8541CC1F3C101C8404FF26C4162687B
:10BBD000C0F6000131F81510B0FBF1F002EB4201A4
:10BBE00088424FF00101C0F09C801303984200F29C
:10BBF0009880010E0023000210EB520041F1000179
:10BC0000F4F752FC4FF60052A0F54071C0F20F025B
:10BC10009142C0F08080012183E000BFF9F7B8FBBA
:10BC200080B1656A20E000BF6846F8F775FB0198AF
:10BC30000028F6D106E000BF6846F8F705FC019839
:10BC40000028EED100216CE05CF8540C800649F22B
:10BC50000000C0F2D03007D55CF8541CC1F3C1011C
:10BC6000C84001E04FF400404FF26C41C0F60001C3
:10BC700031F81510B0FBF1F061684A0802EB4000A2
:10BC80004FF6EF72B0FBF1F0A0F11001914207D82E
:10BC90004FF6F0710140C0F3420008443BE000BFA2
:10BCA00001213EE0F9F774FB80B1656A20E000BF36
:10BCB0006846F8F731FB01980028F6D106E000BF8E
:10BCC0006846F8F7C1FB01980028EED1002128E072
:10BCD0005CF8540C800649F20000C0F2D03007D561
:10BCE0005CF8541CC1F3C101C84001E04FF40040AE
:10BCF0004FF26C416268C0F6000131F81510B0FBDC
:10BD0000F1F000EB5200B0FBF2F0A0F110014FF6A1
:10BD1000EF72914204D82168C860002101E000BFA1
:10BD200001214FF00110A0660020C4E91D00084663
:10BD300003B0F0BD02040810204000000000000025
:10BD400010B504468C4681650021A0F85C20C0F83F
:10BD500090102220C4F88C00D4F8800000B3134661
:10BD60004BF209624BF2817EC0F60002C0F6000E73
:10BD70000165C0E90F2E4BF21142C0F60002C26409
:10BD8000226802F124016246F6F74AFE40B1102013
:10BD9000C4F890002020C4F88C00012010BD00BF22
:10BDA000206938B3206850E8000F216840F48070A3
:10BDB00041E80002F2B1206850E8000F216840F429
:10BDC000807041E80002002A1FBF206850E8000F81
:10BDD000216840F480701CBF41E80002002A09D0AD
:10BDE000206850E8000F216840F4807041E80002AC
:10BDF000002AD7D1206850E8020F216840F00100E6
:10BE000041E80202F2B1206850E8020F216840F0D8
:10BE1000010041E80202002A1FBF206850E8020F1B
:10BE2000216840F001001CBF41E80202002A09D04D
:10BE3000206850E8020F216840F0010041E802024A
:10BE4000002AD7D1206850E8020F216840F0400056
:10BE500041E80202F2B1206850E8020F216840F088
:10BE6000400041E80202002A1FBF206850E8020F8C
:10BE7000216840F040001CBF41E80202002A09D0BE
:10BE8000206850E8020F216840F0400041E80202BB
:10BE9000002AD7D1002010BD2DE9F041804600686E
:10BEA0000D46C7693940491BB1FA81F149099142F0
:10BEB00025D1069C34B31646611C29D1C16929409D
:10BEC000491BB1FA81F14909B14218D1C169294030
:10BED000491BB1FA81F14909B14201BFC169294049
:10BEE000491BB1FA81F104BF4909B14207D1C169C7
:10BEF0002940491BB1FA81F14909B142DED0002045
:10BF0000BDE8F081F8F770F80320BDE8F08100BFCC
:10BF10001F4607E0C0692840401BB0FA80F0400986
:10BF2000B042ECD1F8F760F8C01BA04200F2B68036
:10BF3000D8F8000001684907ECD5402D18BF802DC6
:10BF4000E8D0C169090700F1AD80C1690905E1D5F3
:10BF50004FF400610162D8F8000050E8000FD8F8F3
:10BF6000001020F4907041E8000222B3D8F80000DD
:10BF700050E8000FD8F8001020F4907041E800025B
:10BF8000002A1FBFD8F8000050E8000FD8F80010B2
:10BF900020F490701CBF41E80002002A0BD0D8F8B2
:10BFA000000050E8000FD8F8001020F4907041E82D
:10BFB0000002002ACFD14FF6FE70CEF6FF70D8F8FF
:10BFC000001051E8021FD8F80020014042E8021397
:10BFD0000BB3D8F8001051E8021FD8F80020014038
:10BFE00042E80213002B1FBFD8F8001051E8021FCF
:10BFF000D8F8002001401CBF42E80213002B0AD0F1
:10C00000D8F8001051E8021FD8F80020014042E89B
:10C010000213002BD3D1D8F86C0001282FD1D8F807
:10C02000000050E8000FD8F8001020F0100041E8A0
:10C03000000222B3D8F8000050E8000FD8F8001032
:10C0400020F0100041E80002002A1FBFD8F80000CD
:10C0500050E8000FD8F8001020F010001CBF41E895
:10C060000002002A0BD0D8F8000050E8000FD8F8E2
:10C07000001020F0100041E80002002ACFD120205B
:10C08000C8F88C000021C8F86C10C8F87410C8F803
:10C090009000032088F88410BDE8F0810320BDE8FB
:10C0A000F08100BF08210162D8F8000050E8000FBD
:10C0B000D8F8001020F4907041E8000222B3D8F8BC
:10C0C000000050E8000FD8F8001020F4907041E80C
:10C0D0000002002A1FBFD8F8000050E8000FD8F86F
:10C0E000001020F490701CBF41E80002002A0BD021
:10C0F000D8F8000050E8000FD8F8001020F4907035
:10C1000041E80002002ACFD14FF6FE70CEF6FF7054
:10C11000D8F8001051E8021FD8F80020014042E88A
:10C1200002130BB3D8F8001051E8021FD8F8002012
:10C13000014042E80213002B1FBFD8F8001051E85D
:10C14000021FD8F8002001401CBF42E80213002B58
:10C150000AD0D8F8001051E8021FD8F8002001409A
:10C1600042E80213002BD3D1D8F86C0001282FD15C
:10C17000D8F8000050E8000FD8F8001020F01000A8
:10C1800041E8000222B3D8F8000050E8000FD8F8C8
:10C19000001020F0100041E80002002A1FBFD8F86C
:10C1A000000050E8000FD8F8001020F010001CBF6D
:10C1B00041E80002002A0BD0D8F8000050E8000F38
:10C1C000D8F8001020F0100041E80002002ACFD17A
:10C1D0002020C8F88C000020C8F86C00C8F8740053
:10C1E0000821C8F8901088F884000120BDE8F0818B
:10C1F00010B541F2A404C2F200442046FBF7F4FB60
:10C2000049F6D8114FF4C062C2F201412046FBF753
:10C21000D3FA40F6783040F20F41C2F20040C4F247
:10C220000201006888426FF0080111DC6F22C4F23D
:10C230000202904222DC3F22C4F20202904239DC28
:10C240001022C4F2020290425CD0282254E000BFC7
:10C2500040F26F42C4F2020290421BDC40F23F42C5
:10C26000C4F2020290422DDC40F21042C4F20202FB
:10C27000904247D040F228423EE000BF9F22C4F2E5
:10C280000202904228DC7022C4F20202904239D0AD
:10C29000882231E040F29F42C4F20202904223DC45
:10C2A00040F27042C4F2020290422BD040F2884227
:10C2B00022E000BF4022C4F20202904222D0582263
:10C2C0001AE000BF40F24042C4F20202904219D08C
:10C2D00040F2584210E000BFA022C4F20202904295
:10C2E00010D0B82208E000BF40F2A042C4F202021F
:10C2F000904207D040F2B842C4F20202904218BF06
:10C300006FF0040102681140016010BD00000000E0
:10C3100010B541F23814C2F200442046FBF764FB2A
:10C3200049F6D8714FF48072C2F201412046FBF702
:10C3300043FA40F6684040F20F41C2F20040C4F2B6
:10C340000201006888426FF0080111DC6F22C4F21C
:10C350000202904222DC3F22C4F20202904239DC07
:10C360001022C4F2020290425CD0282254E000BFA6
:10C3700040F26F42C4F2020290421BDC40F23F42A4
:10C38000C4F2020290422DDC40F21042C4F20202DA
:10C39000904247D040F228423EE000BF9F22C4F2C4
:10C3A0000202904228DC7022C4F20202904239D08C
:10C3B000882231E040F29F42C4F20202904223DC24
:10C3C00040F27042C4F2020290422BD040F2884206
:10C3D00022E000BF4022C4F20202904222D0582242
:10C3E0001AE000BF40F24042C4F20202904219D06B
:10C3F00040F2584210E000BFA022C4F20202904274
:10C4000010D0B82208E000BF40F2A042C4F20202FD
:10C41000904207D040F2B842C4F20202904218BFE4
:10C420006FF0040102681140016010BD00000000BF
:10C43000B0B58AB00191082104910021CDE9021123
:10C44000CDE90511CDE9071115460446099102F021
:10C4500057FB01A920462A46F6F712FDA8B140F67F
:10C460005850C2F20040844240F26060C2F2004084
:10C4700010D040F6F851C2F200418C420CD040F688
:10C480009861C2F200418C4208D002F0C5FD0AB0AA
:10C49000B0BD00BF043002E0063000E00830018883
:10C4A0000131018002F0B8FD0AB0B0BD000000000B
:10C4B00080B582B04FEA122C8DF801201A0A8DF84F
:10C4C0000220049A8DF80330130A8DF80430059B7E
:10C4D0008DF805201A0A8DF806206A468DF800C0EE
:10C4E0008DF80730FFF7A4FF02B080BD0000000008
:10C4F000FEE70000000000002DE9F0414FF00002CF
:10C50000B0B3032934D340F2B002A1F1020CC2F25D
:10C5100000424FF60C531CF00305A1F10304B2F8DE
:10C5200000E0C0F6000311D00646012D16F8012BDD
:10C5300082EA0E02D2B233F8122082EA1E2E1BD1FA
:10C54000A0465FFA8EF7032C05D338E00027E046BB
:10C550000646032C33D210F80C30BB427BD1084482
:10C5600091B210F8010CA0EB1120B0FA80F0420952
:10C570001046BDE8F08100BF5FFA8EF74678022DC5
:10C5800087EA060733F8177087EA122E08D1A1F15F
:10C590000408861C3A465FFA8EF7032CDBD30EE0C4
:10C5A0005FFA8EF68278A1F105087240C61C33F856
:10C5B000122082EA172E5FFA8EF7032CCBD3341F9A
:10C5C00014F8042F667882EA0E02D2B233F81220F1
:10C5D00082EA1E277740A678FFB233F8177087EA01
:10C5E00012227240B8F10406D2B233F81250E27847
:10C5F00085EA172782EA0702D2B233F8122082EACC
:10C60000152722D014F8042F043E657882EA070229
:10C61000D2B233F8122082EA172787EA0507A578F5
:10C62000FFB233F8177087EA122282EA0502D2B20B
:10C6300033F81250E27885EA172782EA0702D2B26D
:10C6400033F8122082EA1527DCD1FFB210F80C3043
:10C65000BB423FF484AF0020BDE8F0810000000041
:10C6600000284FF000025ED003295CD370B58A1E0B
:10C67000A1F1010E032A4FF2CC220EF0030CC0F6FA
:10C68000000207D2FF2400210346BCF1000F31D184
:10C6900041E000BF0578FF234FF6FC716B40457801
:10C6A0000EEA01040021D35C6B408578D35C6B40BB
:10C6B000C578D35C6B400D1DAEB2D15CA64200F1D3
:10C6C000040313D013F8046B0435714013F8036CA2
:10C6D000515C714013F8026C515C714013F8016CAD
:10C6E000515C7140AEB2515CA642EBD10C46BCF13C
:10C6F000000F10D01978BCF1010F81EA0401515CE0
:10C7000009D05C78BCF1020F81EA0401515C02D0CF
:10C710009B785940515C10F80E00081AB0FA80F06E
:10C720004209BDE87040104670470000000000005C
:10C730002DE9F041002818BFBDE8F0819846164663
:10C740000C46F7F751FC4AF2DC050746C2F20145F8
:10C75000287868B1F7F748FCC01B0328F8D341F2EA
:10C7600058000421C2F20040FAF756FF002028705A
:10C7700070B2422361B2B0F1FF3F40F20000C8BF87
:10C780002123C2F20040B1F1FF3F4FFA88F24FF08F
:10C7900042010380C8BF2121B2F1FF3F4FF04202A6
:10C7A0000182C8BF212271064FF04201028458BFA6
:10C7B000212162064FF04202418058BF21225FEAE8
:10C7C00048614FF04201428258BF2121B2064FF02A
:10C7D0004202418458BF2122A1064FF042018280CB
:10C7E00058BF21215FEA88624FF04202818258BF20
:10C7F0002122F1064FF04201828458BF2121E20636
:10C800004FF04202C18058BF21225FEAC8614FF059
:10C810004201C28258BF212132074FF04202C18437
:10C8200058BF212221074FF04201028158BF212128
:10C830005FEA08724FF04202018358BF212271075C
:10C840004FF04201028558BF212162074FF042029A
:10C85000418158BF21225FEA48714FF04201428373
:10C8600058BF2121B2074FF04202418558BF212213
:10C87000A1074FF04201828158BF21215FEA8872EF
:10C880004FF04202818358BF2122F1074FF042014D
:10C8900082854FF0420208BF2121C181E1074FF09C
:10C8A000420108BF21215FEAC873C18308BF21226A
:10C8B000C285F7F799FB0446287868B1F7F794FB2F
:10C8C000001B0328F8D341F258000421C2F20040B3
:10C8D000FAF7A2FE0020287041F2580040F2000250
:10C8E000C2F200400024C2F200424F2301688C6370
:10C8F000012129700421FAF767FC002818BF2C7069
:10C90000BDE8F081000000004EF60C500422CEF28B
:10C910000000C0F2FA52BFF34F8F016801F4E061EA
:10C9200011430160BFF34F8F00BF00BF00BF00BFC6
:10C93000FAE7000000000000B5EE001A9FED1E2A85
:10C94000A0EE021A9FED1E2ABDEEC10AB5EE401AF6
:10C95000F1EE10FA10EE100AB8BF013800EE100A1E
:10C96000B8EEC00A31EE400A9FED141A20EE010A1B
:10C97000BCEEC01A30EE022A11EE100A410A4FF244
:10C98000A44118BF002000FE020AC0F6000101EE1B
:10C99000100A01EB800090ED012AB8EE411A30EE4A
:10C9A000410AB7EE001A31EE401A20EE020A90ED6D
:10C9B000002AA1EE020A704783F9223E00000044DB
:10C9C000000000C40000000010B5B0F800C04388AB
:10C9D00003FB0CF4002C5CD0D2F804E0496814F09E
:10C9E00003024068A4F1010C21D090ED000A91ED02
:10C9F000001A30EE010A012A8EED000A08D1043037
:10CA000004310EF1040E6446BCF1030F41D311E072
:10CA100090ED010A91ED011A30EE010A022A8EED25
:10CA2000010A39D1083008310EF1080E023CBCF180
:10CA3000030F2ED3A0F110021039AEF1100000BF89
:10CA400092ED040A91ED041A30EE010A00F1100390
:10CA500080ED040A043C92ED050A91ED051A30EED2
:10CA6000010A80ED050A92ED060A91ED061A30EEF4
:10CA7000010A80ED060A92ED070A91ED071A30EEE1
:10CA8000010A02F1100201F1100180ED070A1846B7
:10CA9000D6D1002010BD00BF90ED020A91ED021A20
:10CAA00030EE010A0EF10C020C300C318EED020A50
:10CAB000033C9646BCF1030FEBD3BBE7000000003C
:10CAC00001804280436070472DE9F04F95B0B0F887
:10CAD00000E0064640880891BEF1000F10904868BB
:10CAE0001190CDF83CE0029600F012811198BEF151
:10CAF000010F4FF07E55056000F00A816FF00300D2
:10CB0000119F00EB8E0B3C1D204659464FEA8E0AC2
:10CB1000F3F7DBFDDDF83CE0002044F80A5047F86D
:10CB20002E00BEF1020000F0F380AEF103010329F4
:10CB300000F003010AD254444FF0080A4FF00108F4
:10CB4000D946002940F0A180E2E000BF20F00300B8
:10CB500005900EEB4E00119D800004900AF1040038
:10CB60000390CDE900B14FEACE010A914FEA0E11D0
:10CB7000099110214FF0140B01EB0E1107910EEBF0
:10CB80008E016FF013048900069100216FF00B07EE
:10CB90006FF007036FF00302A846DDF80C906FF00A
:10CBA0000F00149008EB0A000E9400F10804CDE980
:10CBB00012210AEB03012046CDE90C37F3F785FD7E
:10CBC0000A98ABF10C012844F3F77FFD04EB0A0649
:10CBD0004FF07E5044F80A000AEB0701301DF3F7CE
:10CBE00074FD0498ABF108012844F3F76EFD06EBE1
:10CBF0000904149F4FF07E5046F809000AEB070124
:10CC0000201DF3F762FD0998ABF1040128440B9055
:10CC1000F3F75BFD04EB09064FF07E5044F8090082
:10CC20000E9C0AEB0401301DF3F74FFD06985946A0
:10CC30002844F3F74AFDDDE912214FF07E5046F813
:10CC4000090007980C9B04318044103F14970D9FF6
:10CC50000BF1100B0598103C103F8842A3F1100314
:10CC6000A2F110020B9D9DD108EB0A00ABF10C0361
:10CC7000041D01F101080AEB02099A46029EDDF843
:10CC80003CE0DDE900B1002942D0201D0F46ABEBAE
:10CC90008801F3F71AFD08F101054C44A90020466C
:10CCA000F3F713FD3946DDF83CE0012F4FF07E57D6
:10CCB00044F80A702CD004EB0A00019109EB00043F
:10CCC0000430ABEB8501F3F700FD201F08F10204EF
:10CCD000A1000AEB0005F3F7F8FC019845F8047F82
:10CCE000DDF83CE0022813D0281DABEB8401A944F9
:10CCF000F3F7EBFC0C21A9F1080001EB88010AEB2A
:10CD00000004F3F7E2FCDDF83CE04FF07E50A06059
:10CD1000109D002D00F0D8837268681C0690A80052
:10CD20000390B7EE000AAEF1020004904FEA051836
:10CD30004FF00009AA464FF0000B1492CDF8148072
:10CD400011E000BFDDF82CB0DDF828A0DDF824905C
:10CD5000AB45AAF1010A09F10409DDF83CE0DDF870
:10CD6000148000F0B58306982AF003010D910BF1B1
:10CD700001010BFB00F071450B9102EB80036FEAA0
:10CD80000B0000EB0501129193ED001A48D270449C
:10CD900010F003004AD00B9FB0EEC14A164607FBC5
:10CDA00005B102EB81015A4691ED002A0BF1020117
:10CDB000B0EEC23AB4EE443AF1EE10FAC8BF3A46C9
:10CDC00032FE011A012833D001FB05B7B0EEC14A8B
:10CDD00006EB870797ED002AB0EEC23AB4EE443A6C
:10CDE000F1EE10FAC8BF0A4632FE011A02280BF112
:10CDF00003011DD001FB05B0B0EEC14A06EB800077
:10CE000090ED002AB0EEC23AB4EE443AF1EE10FAD8
:10CE1000C8BF0A4632FE011A0BF1040108E000BF48
:10CE2000B5EE401AF1EE10FA66D18FE35A460B992F
:10CE30000498A0EB0B00032850D3039DC81C149C3E
:10CE40008F1C4E1C05FB004C05FB074705FB0646E7
:10CE500005FB01444D4600BF6019B0EEC14A90ED9C
:10CE6000002A7019B0EEC23AB4EE443AF1EE10FA6C
:10CE700032FE011A90ED002AB0EEC23A07EB05002F
:10CE8000C8BF0A46B0EEC14AB4EE443AF1EE10FA19
:10CE900032FE011A90ED002AB0EEC23A0CEB05000A
:10CEA000C8BF4A1CB0EEC14A4544B4EE443AF1EE64
:10CEB00010FA32FE011A90ED002AB0EEC23AC8BF55
:10CEC0008A1CB0EEC14AB4EE443AF1EE10FAC8BF83
:10CED000CA1C32FE011A04317145BDD1B5EE401AAB
:10CEE000F1EE10FA18BF5A4550D1B5EE401A109D18
:10CEF000F1EE10FA00F03A83A5EB0B04002080EE6F
:10CF0000011A012C0790C0F2D580129803281FD374
:10CF10000D9800BF93ED002A93ED013A21EE022A0D
:10CF200093ED024A93ED035A21EE033A21EE044AAF
:10CF300003F1100183ED002A21EE052A83ED013A69
:10CF4000043883ED024A83ED032A0B46E2D10B46F7
:10CF50001AF0030000F0AE8093ED002A012821EEC4
:10CF6000022A83ED002A00F0A58093ED012A022811
:10CF700021EE022A83ED012A00F09C8093ED022A23
:10CF800021EE022A83ED022A94E000BF109DA5EB5A
:10CF90000B04012C43DB02FB05B012990329149901
:10CFA00001EB800004D29C461AF003011FD136E049
:10CFB0000D9F19460E6805680D6001F1100C0660A2
:10CFC00045684E684D60466085688E688D608660F5
:10CFD000C568CE68CD6000F11005043FC6606146AB
:10CFE0002846E7D12846109D1AF0030117D0DCF837
:10CFF00000700568CCF80050109D012907600ED024
:10D00000DCF804704568CCF80450109D0229476094
:10D0100005D0DCF808108768CCF8087081600898A3
:10D02000B0F802C0BCF1000F3CD002FB0CF0119E26
:10D030000BFB0CF2ACF10107032F06EB800006EBB3
:10D0400082021CD32CF00307166805681560043FA4
:10D0500006604568566855604660856896689560C4
:10D060008660C568D16802F11006D56000F1100530
:10D07000C16028463246E7D128463246109D1CF052
:10D0800003010FD00129176806681660076009D0F0
:10D090000229576846685660476003D091688768E0
:10D0A00097608160012080EE011A012C0790BFF685
:10D0B0002CAF00BF08981199CDE9099AB0F802A0E9
:10D0C0000BFB0AF0BAF1000F01EB800013903DD08A
:10D0D000AAF10100032813981FD32AF00301139A21
:10D0E00092ED002A92ED013A21EE022A92ED024AD7
:10D0F00092ED035A21EE033A21EE044A02F11000A8
:10D1000082ED002A21EE052A82ED013A043982EDF2
:10D11000024A82ED032A0246E2D11AF0030115D039
:10D1200090ED002A012921EE022A80ED002A0DD07F
:10D1300090ED012A022921EE022A80ED012A05D074
:10D1400090ED022A21EE022A80ED022ABBF1000FA7
:10D15000A64600F0DD800BFB05F014990AF00308E9
:10D16000002601EB8B0202EB8009AAF101000E9070
:10D170000A9800F003012AF003000C9005E000BFBC
:10D18000013674465E4500F0C38006FB05B0149B73
:10D19000012C03EB800090ED001A55DB06FB05F037
:10D1A000B1EE412A129B032B02EB800C02D24846BF
:10D1B00069BB49E00D9F4D4695ED003A9CED004A54
:10D1C000A2EE034A9CED013A05F110000CF11004A7
:10D1D000043F8CED004A95ED014AA2EE043A8CED35
:10D1E000013A9CED023A95ED024AA2EE043A8CED2A
:10D1F000023A9CED033A95ED034A0546A2EE043A45
:10D200008CED033AA446D7D1A446109DE1B190ED30
:10D21000003A9CED004AA2EE034A01298CED004A37
:10D2200012D090ED013A9CED014AA2EE034A022988
:10D230008CED014A08D090ED023A9CED024AA2EE34
:10D24000034A8CED024A00BFBAF1000F98D006FBEA
:10D250000AF00E9BB1EE412A032B119B03EB8007D2
:10D2600004D2139CB8F1000F30D189E70C9D1398BC
:10D2700090ED003A97ED004AA2EE034A97ED013A8D
:10D2800000F1100407F11003043D87ED004A90ED12
:10D29000014AA2EE043A87ED013A97ED023A90ED89
:10D2A000024AA2EE043A87ED023A97ED033A90ED76
:10D2B000034A2046A2EE043A87ED033A1F46D7D12F
:10D2C0001F46109DB8F1000F3FF45AAF94ED003A9D
:10D2D00097ED004AA2EE034AB8F1010F87ED004A2C
:10D2E0003FF44EAF94ED013A97ED014AA2EE034AA6
:10D2F000B8F1020F87ED014A3FF442AF94ED023AD4
:10D3000097ED024AA2EE034A87ED024A38E700BFD2
:10D310000F98149A0B998142BFF414AD0BFB05F0E2
:10D3200002EB8B09AAF1010C0AF003070B9E09EB33
:10D3300080080A9800F003042AF003000E9004E02D
:10D3400001360F9886423FF4FDAC06FB05B0BEF1F6
:10D35000010F02EB800090ED001A55DB06FB05F093
:10D36000B1EE412A1299032909EB800002D241460D
:10D3700074BB49E00D9D434693ED003A90ED004AA1
:10D38000A2EE034A90ED013A03F1100100F1100200
:10D39000043D80ED004A93ED014AA2EE043A80ED8F
:10D3A000013A90ED023A93ED024AA2EE043A80ED82
:10D3B000023A90ED033A93ED034A0B46A2EE043A8B
:10D3C00080ED033A1046D7D11046109D149ADCB177
:10D3D00091ED003A90ED004AA2EE034A012C80ED57
:10D3E000004A11D091ED013A90ED014AA2EE034AB4
:10D3F000022C80ED014A07D091ED023A90ED024AED
:10D40000A2EE034A80ED024ABAF1000F98D006FB63
:10D410000AF0B1EE412A1199BCF1030F01EB800033
:10D4200002D2139B87BB8BE70E9D139991ED003AB7
:10D4300090ED004AA2EE034A90ED013A01F110038B
:10D4400000F11002043D80ED004A91ED014AA2EE88
:10D45000043A80ED013A90ED023A91ED024AA2EED3
:10D46000043A80ED023A90ED033A91ED034A1946F1
:10D47000A2EE043A80ED033A1046D7D11046109D33
:10D48000149A002F3FF45CAF93ED003A90ED004A00
:10D49000A2EE034A012F80ED004A3FF451AF93ED15
:10D4A000013A90ED014AA2EE034A022F80ED014AB3
:10D4B0003FF446AF93ED023A90ED024AA2EE034AE2
:10D4C00080ED024A3CE700BF9FED311A0020079033
:10D4D000079800284FF0000039D1B5EE401AF1EE60
:10D4E00010FA34D105FB0EF10020A9B3029A4B4289
:10D4F000526802F10807002217ED020AB5EE400A51
:10D50000F1EE10FA29D19E18751C35D017ED010ADD
:10D51000B5EE400AF1EE10FA30D1B51C30D097EDDF
:10D52000000AB5EE400AF1EE10FA2BD103362BD0EB
:10D5300097ED010AB5EE400AF1EE10FA26D1043259
:10D5400010379E18D8D10A4607E000BFFB2040B232
:10D5500015B0BDE8F08F00BF00228A4208BF6FF00F
:10D56000040040B215B0BDE8F08F00BFFB2040B210
:10D5700015B0BDE8F08F00BF0A46EEE70132ECE7D8
:10D580000A46EAE70232E8E70A46E6E70332E4E75A
:10D5900000000000000000002DE9F04F87B0468831
:10D5A000B1F8028004888446002E506800F0928012
:10D5B000D1F804E0DCF80420731E06F00305B11E68
:10D5C0000491F11E03914FEA880700219FED460A5E
:10D5D000009008E0029C0199013C4144664602EB40
:10D5E0008C0200987BD0B44600EB8109CDE9011490
:10D5F00002F1040B7146444602F10800069002F164
:10D600000C0005900BE000BF013C09F10406A8EBFB
:10D61000040089ED001AB1460EEB8001DAD07DB12D
:10D6200092ED001A91ED002A21EE021A012D01EB74
:10D6300088010DD158469A46032BE5D326E000BF5A
:10D640001046E246B0EE401A032BDDD31EE000BFC9
:10D650009BED002A91ED003AA2EE031A022D01EB98
:10D66000880105D10698DDF810A0032BCCD30DE07E
:10D67000069891ED003A01EB8801DDF80CA090EDE1
:10D68000002A0598A2EE031A032BBDD3103800BF61
:10D6900091ED002A90ED043AA3EE021A394490ED80
:10D6A000052ABAF1040A91ED003A3944A2EE031AB0
:10D6B00090ED062A91ED003A3944A2EE031A90ED5E
:10D6C000072A91ED003A00F110003944A2EE031A46
:10D6D000DED199E708FB04F18900F2F7F6FF00209C
:10D6E00007B0BDE8F08F00BF0000000000000000A0
:10D6F00010B5B0F800C0438803FB0CF4002C5CD0DC
:10D70000D2F804E0496814F003024068A4F1010C67
:10D7100021D090ED000A91ED001A30EE410A012A65
:10D720008EED000A08D1043004310EF1040E644677
:10D73000BCF1030F41D311E090ED010A91ED011A04
:10D7400030EE410A022A8EED010A39D10830083143
:10D750000EF1080E023CBCF1030F2ED3A0F1100213
:10D760001039AEF1100000BF92ED040A91ED041AD9
:10D7700030EE410A00F1100380ED040A043C92ED02
:10D78000050A91ED051A30EE410A80ED050A92ED89
:10D79000060A91ED061A30EE410A80ED060A92ED76
:10D7A000070A91ED071A30EE410A02F1100201F169
:10D7B000100180ED070A1846D6D1002010BD00BF29
:10D7C00090ED020A91ED021A30EE410A0EF10C02C0
:10D7D0000C300C318EED020A033C9646BCF1030F6F
:10D7E000EBD3BBE7000000002DE9F04F82B0B0F8AA
:10D7F00002C0BCF1000F61D0B0F800A0D1F80490D5
:10D800004468ACF1010B0CF003024FEA8A050026D4
:10D810005746ACF102000190ACF10300009004E027
:10D82000013F06F101061C4648D009EB86016AB1AA
:10D830002346012A53F8040B086001EB8A010BD13F
:10D840001C465846BBF1030F20D2E9E76046BBF106
:10D85000030F1BD2E4E700BF6068022A086001EBF7
:10D860008A0107D104F1080301981C46BBF1030F9C
:10D870000CD2D5E704F10C03A068086001EB8A0123
:10D880001C460098BBF1030FCAD300BF23680B608E
:10D8900001EB050E63684B510EEB0508A1684EF8CD
:10D8A000051004F11003E16808EB0504043848F89A
:10D8B000051004EB05011C46E8D1B1E7002002B0D9
:10D8C000BDE8F08F0000000010B5F3F711F98020DB
:10D8D000F3F792F95520F3F78FF95520F3F78CF908
:10D8E000F3F7FEF89620F3F753F9F3F701F98020E8
:10D8F000F3F782F95520F3F77FF95520F3F77CF918
:10D90000F3F7EEF89620F3F743F9F3F7F1F87E20FA
:10D91000F3F772F9B620F3F76FF9F3F7E1F8502057
:10D92000F3F706F9F3F7E4F88020F3F765F95520EB
:10D93000F3F762F95520F3F75FF9F3F7D1F8962082
:10D94000F3F726F9F3F7D4F88020F3F755F95520CB
:10D95000F3F752F95520F3F74FF90446F3F7C0F8FF
:10D960009620F3F715F91E2C40D1F3F7C1F87D206E
:10D97000F3F742F90420F3F73FF9F3F7B1F89620F3
:10D98000F3F706F9F3F7B4F8FD20F3F735F955206E
:10D99000F3F732F95520F3F72FF90446F3F7A0F81F
:10D9A0009620F3F7F5F8042C22D1F3F7A1F87C20A8
:10D9B000F3F722F90020F3F71FF9F3F791F8962017
:10D9C000F3F7E6F8F3F794F8FC20F3F715F9552090
:10D9D000F3F712F95520F3F70FF90446F3F780F83F
:10D9E0009620F3F7D5F86CB1012002E0FF2010BDBE
:10D9F00000204FF60C7100EB4000C0F60001084417
:10DA0000807810BDF3F774F84020F3F7F5F8AB20F9
:10DA1000F3F7F2F8F3F764F89620F3F7B9F8F3F7B1
:10DA200067F8C020F3F7E8F85520F3F7E5F855203C
:10DA3000F3F7E2F80446F3F753F89620F3F7A8F863
:10DA4000AB2C21D1F3F754F84120F3F7D5F800209F
:10DA5000F3F7D2F8F3F744F89620F3F799F8F3F7D1
:10DA600047F8C120F3F7C8F85520F3F7C5F855205B
:10DA7000F3F7C2F80446F3F733F89620F3F788F883
:10DA800024B10320B5E700BF0220B2E7F3F730F876
:10DA90005320F3F7B1F80820F3F7AEF8F3F720F8C6
:10DAA0009620F3F775F8F3F723F8D320F3F7A4F8EB
:10DAB0005520F3F7A1F85520F3F79EF80446F3F745
:10DAC0000FF89620F3F764F8082C21D1F3F710F83B
:10DAD0005820F3F791F80420F3F78EF8F3F700F8E5
:10DAE0009620F3F755F8F3F703F8D820F3F784F806
:10DAF0005520F3F781F85520F3F77EF80446F2F746
:10DB0000EFFF9620F3F744F8042C03D1002010BD5A
:10DB100004206EE705206CE7B0B5F2F7FDFF80202A
:10DB2000F3F76AF85520F3F767F8F2F7EDFF962060
:10DB3000F3F72EF8F2F7F0FF8020F3F75DF85520A9
:10DB4000F3F75AF8F2F7E0FF9620F3F721F8F2F72F
:10DB5000E3FF1420F3F750F8B620F3F74DF8F2F78F
:10DB6000D3FF5020F2F7E4FFF2F7D6FF8020F3F75F
:10DB700043F85520F3F740F8F2F7C6FF9620F3F785
:10DB800007F8F2F7C9FF8020F3F736F85520F3F7CE
:10DB900033F80446F2F7B8FF9620F2F7F9FF0F2C9E
:10DBA00058D1F2F7B9FF0F20F3F726F8002000252F
:10DBB000F3F722F8F2F7A8FF9620F2F7E9FFF2F761
:10DBC000ABFF8F20F3F718F85520F3F715F804464C
:10DBD000F2F79AFF9620F2F7DBFF002C3DD1F2F727
:10DBE0009BFF1020F3F708F88220F3F705F8F2F70F
:10DBF0008BFF9620F2F7CCFFF2F78EFF9020F2F722
:10DC0000FBFF5520F2F7F8FF0446F2F77DFF962060
:10DC1000F2F7BEFF822C1FD1F2F77EFF1120F2F740
:10DC2000EBFF0020F2F7E8FFF2F76EFF9620F2F725
:10DC3000AFFFF2F771FF9120F2F7DEFF5520F2F708
:10DC4000DBFF0446F2F760FF9620F2F7A1FF6CB10C
:10DC5000022502E0FF20B0BD01254FF61E7105EB45
:10DC60004500C0F6000108448078B0BDF2F754FFCB
:10DC70001520F2F7C1FF8020F2F7BEFFF2F744FF54
:10DC80009620F2F785FFF2F747FF9520F2F7B4FFF1
:10DC90005520F2F7B1FF0446F2F736FF9620F2F76F
:10DCA00077FF802C1ED1F2F737FF1620F2F7A4FF82
:10DCB0000020F2F7A1FFF2F727FF9620F2F768FFA6
:10DCC000F2F72AFF9620F2F797FF5520F2F794FF1C
:10DCD0000446F2F719FF9620F2F75AFF24B1042503
:10DCE000BBE700BF0325B8E7F2F716FF1820F2F7ED
:10DCF00083FF0120F2F780FFF2F706FF9620F2F78C
:10DD000047FFF2F709FF9820F2F776FF5520F2F768
:10DD100073FF0446F2F7F8FE9620F2F739FF012C64
:10DD200002D10020B0BD00BF052596E7000000002D
:10DD300084B001200090F6F723FA0020019048F209
:10DD40001F70029040F2011003906846F6F7E8F960
:10DD50000420F6F725FAF6F75FF9FCF769FFFBF701
:10DD6000EBFDFBF7BDFBFBF737FEFBF7E5FEFBF733
:10DD70000BFCFBF745FCFBF77FFCFBF775FFFBF7A4
:10DD8000B3FFFBF75DFEFAF79FFFF2F76DFFF2F7C7
:10DD90004BFF4FF4F070F3F73BFA0A20F5F714F855
:10DDA000F3F76EFAFBF7A0FC00F00AF8FEE70000BC
:10DDB00080B5002808BF012000F0FEFC002080BDD7
:10DDC00080B500F095FD002080BD0000000000003F
:10DDD00070B584B043698E46A3B1846994B1028959
:10DDE000D0E9001C15B2B2F184060269604618BF82
:10DDF000EE1C0294CDE90063734600F0B5FF04B059
:10DE000070BD00BF038901681EB2843B028A40686E
:10DE100018BFF31C009303AB0193734600F074FF2B
:10DE20000399012818BF0021084604B070BD000006
:10DE300080B5EFF3058189B101F066F901280FD1B2
:10DE40004EF604504FF08051CEF2000001600020E9
:10DE5000BFF34F8FBFF36F8F80BD00BF00F0FCFC9E
:10DE6000002080BD0000000080B500F0A9FD00206A
:10DE700080BD000000000000F0B581B040F2D01479
:10DE80000546C2F200440E46676A2268101D00F083
:10DE900013FB18B1681C0CD016E000BF20680121EC
:10DEA000C06A01FA00F0616821EA00006060681C45
:10DEB0000AD14EB154F8500B011D204601B0BDE807
:10DEC000F04000F065BB00BF2068ED19456007D346
:10DED000606B2168043101B0BDE8F04000F024BB64
:10DEE000206B2168043100F01FFB206A854238BF97
:10DEF000256201B0F0BD00002DE9F041044600F0BC
:10DF000063FB40F2D01641F2A825C2F20046C2F2ED
:10DF10000045306901303061306848B170690028CF
:10DF200040D13068E16AC06A884298BF346039E005
:10DF300034603069012835D1284600F0E5FA05F152
:10DF4000140000F0E1FA05F1280000F0DDFA05F117
:10DF50003C0000F0D9FA05F1500000F0D5FA05F1C7
:10DF6000640000F0D1FA05F1780000F0CDFA40F23B
:10DF70009438C2F20048404600F0C6FA08F114078F
:10DF8000384600F0C1FA06F1640000F0BDFA06F16F
:10DF90003C0000F0B9FA06F1500000F0B5FAC6F8FE
:10DFA000308077637068E26AB16801230131B16043
:10DFB00002EB820193401843706005EB8100211D44
:10DFC00000F0E6FA00F028FB706988B13068E16A79
:10DFD000C06A884228BFBDE8F0814EF604504FF079
:10DFE0008051CEF200000160BFF34F8FBFF36F8FFF
:10DFF000BDE8F0810000000040F2D01541F2A826F3
:10E000004EF60458C2F20045C2F20046CEF20008B5
:10E010004FF0805703E000BF204600F015FBE86892
:10E02000D0B100F0D1FAA86CC468201D00F044FA09
:10E03000286901382861E8680138E86000F0ECFAE6
:10E0400094F851000228EAD00128E5D070B9206B7D
:10E0500000F0FAFAE0E700BF30680228DFD3C8F822
:10E060000070BFF34F8FBFF36F8FD8E74FF05000B2
:10E0700080F31188BFF36F8FBFF34F8FFEE700006F
:10E080002DE9F0470A9F82469946DDF824803E6BD1
:10E090000029089C06EB8200A0F1040020F007068E
:10E0A00054D0087887F83400087800284AD0487897
:10E0B00087F835004878002844D0887887F83600FB
:10E0C000887800283ED0C87887F83700C878C8B369
:10E0D000087987F838000879A0B3487987F83900BB
:10E0E000487978B3887987F83A00887950B3C87945
:10E0F00087F83B00C87928B3087A87F83C00087A8B
:10E1000000B3487A87F83D00487AD8B1887A87F812
:10E110003E00887AB0B1C87A87F83F00C87A88B1E3
:10E12000087B87F84000087B60B1487B87F8410096
:10E13000487B38B1887B87F84200887B10B1C87B68
:10E1400087F84300002087F8430002E0002087F8AA
:10E150003400062C07F1040028BF06240025FC62C9
:10E16000C7E9114500F0DCF907F1180000F0D8F913
:10E1700084F00700B861304651464A463F617F62ED
:10E18000FD6487F8505000F047F9B8F1000F38608F
:10E1900018BFC8F80070BDE8F0870000000000005C
:10E1A00008480068006880F308884FF0000080F39A
:10E1B000148862B661B6BFF34F8FBFF36F8F00DF75
:10E1C00000BF000008ED00E081B00020009040F2A8
:10E1D0004410C2F2004000684FF0500181F31188F2
:10E1E000BFF36F8FBFF34F8F013003D0FEE700BF47
:10E1F000009838B9009828B90098002804BF009802
:10E200000028F5D001B07047B0B5044600F078FCA6
:10E2100040F2482CC2F2004CDCF8040050B19CF8EB
:10E220000000002818BF4FF000404FF0000594BBDD
:10E230008FE000BF41F23830C2F20040C11D10F043
:10E24000070221F00701A0EB010318BF084648F2BE
:10E25000A061002AC0F201014FF0000218BF19446A
:10E26000CCF818000144CCF81C2021F00701A1F1E2
:10E270000803CCF8043041E902220360191A416016
:10E2800001208CF800004FF00040CCE90211002C76
:10E290004FF000055DD020405BD124F00700002541
:10E2A00000F11002600708BF04F10802002A50D0F4
:10E2B000DCF8080082424CD8604650F818EFDEF8CF
:10E2C000043093422BD2DEF80010B9B174464B688B
:10E2D000934217D20D68ADB16B68934216D228688D
:10E2E000A0B14368934215D204689CB1636893421D
:10E2F00014D22168A6460029E9D110E00CF11800DB
:10E300000DE000BF8E46204609E000BFAE4608463D
:10E3100005E000BF8646284601E000BFA646DCF8BF
:10E3200004108E4514D0991A03681129DEF80040B4
:10E3300004604DD30EEB0205680719D04FF0500072
:10E3400080F31188BFF36F8FBFF34F8FFEE700BFDD
:10E35000002500F061FE68075AD04FF0500080F3AE
:10E360001188BFF36F8FBFF34F8F00BFFEE700BF71
:10E370000CF118006960CEF8042000BF0168A942C2
:10E380000AD20868A8420BD20168A94204D20868E0
:10E390000A46A842F2D304E00246084601E000BF64
:10E3A0000A4654681119A942696802D121441546E8
:10E3B00051606C18844207D1DCF80440A0421EBFB3
:10E3C000D0E9000421446960AA42286018BF1560A2
:10E3D000DEF8040003F10805DCE90212091ACCF8A2
:10E3E0000810914238BFCCF80C109CF8001000299E
:10E3F0004FF0000118BF40F00040CEE90010DCF8FB
:10E4000010000130CCF8100000F006FE6807A4D11F
:10E410002846B0BD000000004EF2C91321F00101F2
:10E42000C0F6000340F80C3C4FF0807340F8202CFD
:10E4300040E902136FF0020140F8241CA0F14401EE
:10E44000084670470000000070B50D46044600F015
:10E45000BBF840F2D016C2F200463068C06CA0B9DA
:10E4600030684FF0010180F8501075B10121284645
:10E47000FFF702FD4EF604504FF08051CEF200003F
:10E480000160BFF34F8FBFF36F8F00F0C5F800F04E
:10E490009BF83068C56C2DB10020002C316808BF96
:10E4A000681EC8643068002180F8501000F0B4F88D
:10E4B000284670BD00000000D0E9013201699A6071
:10E4C000D0F808C04A6882424FF00002CCF804300D
:10E4D00008BFC1F804C00261086801380860086814
:10E4E00070470000000000004AF2E023C2F201433E
:10E4F00003604AF2E000C2F2014008608020106030
:10E50000704700000000000002464FF0FF3142F863
:10E51000081F00214260C0E903220160704700002B
:10E52000002101617047000010B5D1F800E01EF134
:10E53000010213D000F1080462681368734511D812
:10E5400053681C68744511D85A68146874450FD80C
:10E550005468A44623687345EED90BE00269D2F8EB
:10E5600004C007E09446224604E000BF9C4601E058
:10E5700094461A46C1F804C0CCF808108A6051606D
:10E58000086101680131016010BD00000000000059
:10E59000D0F800C043684B609A688A609A689960B6
:10E5A000086151600CF1010101607047000000003A
:10E5B000DFF80C00016841F4700101607047000051
:10E5C00088ED00E0000000004FF0500080F311885B
:10E5D000BFF36F8FBFF34F8F40F24410C2F2004081
:10E5E0000168002901F10101016001D0704700BFFD
:10E5F0004EF60450CEF200000068000608BF7047D7
:10E600004FF0500080F31188BFF36F8FBFF34F8F2F
:10E61000FEE700000000000040F24410C2F200409B
:10E62000016839B10139016018BF7047002080F3DB
:10E63000118870474FF0500080F31188BFF36F8F3F
:10E64000BFF34F8FFEE7000070B5002808BF70BD14
:10E6500040F248250446C2F200452878002818BF39
:10E660004FF0004054F8041C08420DD0A4F10806F5
:10E6700032689AB14FF0500080F31188BFF36F8F6A
:10E68000BFF34F8FFEE700BF4FF0500080F31188BB
:10E69000BFF36F8FBFF34F8FFEE700BF21EA00008B
:10E6A00044F8040C00F02CFA54F8041CA868084440
:10E6B000A86005F1180000BF0368B3420AD21868C9
:10E6C000B04225D20368B34204D218681A46B04259
:10E6D000F2D301E0024618465368D418B44202D17E
:10E6E0001944164651607318834206D16B689842EC
:10E6F0001EBFD0E9000319447160B242306018BFF8
:10E700001660686901306861BDE8704000F084BC43
:10E710001A465368D418B442E5D1E1E7000000007E
:10E720004EF210000021CEF2000044F6D352C1F2A6
:10E7300062020160816040F2A801C2F200410968F2
:10E74000A1FB02124FF0FF3101EB92114160072152
:10E75000016070470000000040F26820EFF305817F
:10E760001029C2F2004011D34EF2F032CEF2000274
:10E77000895C0278914209D24FF0500080F31188F1
:10E78000BFF36F8FBFF34F8FFEE700BF4EF60C5104
:10E79000CEF200010968406801F4E061814298BF4F
:10E7A00070474FF0500080F31188BFF36F8FBFF3B5
:10E7B0004F8F00BFFEE7000070B500283FD040F249
:10E7C000D0150446C2F20045A86948B14FF0500088
:10E7D00080F31188BFF36F8FBFF34F8FFEE700BF49
:10E7E000A8690130A8616E6A28680430FFF764FEEA
:10E7F00050B12868A419446013D3686B29680431A8
:10E80000FFF792FE16E000BF28680121C06A01FAF6
:10E8100000F0696821EA000068602868A419446073
:10E82000EBD2286B29680431FFF77EFE286A844208
:10E8300038BF2C6200F0F0FB002818BF70BD4EF608
:10E8400004504FF08051CEF200000160BFF34F8FB3
:10E85000BFF36F8F70BD000070B598B140F2D01655
:10E860000446C2F200463068A04208BF70BDFFF700
:10E87000ABFE606906F1500188420DD0BDE87040E2
:10E88000FFF7CABE4FF0500080F31188BFF36F8FBF
:10E89000BFF34F8FFEE700BFA06A0028EED1251D11
:10E8A0002846FFF709FEE06A01218140726800EB0B
:10E8B0008000114341F2A8227160C2F20042294651
:10E8C00002EB8000FFF764FEE06A3168C96A8842A3
:10E8D000D4D34EF604504FF08051CEF200000160C8
:10E8E000BFF34F8FBFF36F8FBDE87040FFF794BE4B
:10E8F000B0B588B0002005A9CDE9050006A804AA96
:10E90000FFF7F2FD0598B8B3069C002C3ED0049AA0
:10E91000542107910799542942D107992063022075
:10E9200084F8510007A80025CDE900504DF6F97094
:10E9300020A1C0F6000000230294FFF7A1FB2046AF
:10E94000FFF7DAFA40F2D0100799C2F20040C16135
:10E9500079B14FF0500181F31188BFF36F8FBFF38E
:10E960004F8F4FF0FF31016201214161456200F09C
:10E9700007F908B0B0BD00BF4FF0500080F3118818
:10E98000BFF36F8FBFF34F8FFEE700BF4FF0500014
:10E9900080F31188BFF36F8FBFF34F8FFEE700BF87
:10E9A0004FF0500080F31188BFF36F8FBFF34F8F8C
:10E9B000FEE700BF49444C45000000000000000095
:10E9C00070B50446FFF700FE40F2D016002CC2F2EC
:10E9D000004608BF3468251D2846FFF76DFD80B945
:10E9E000E06A41F2A822C2F2004200EB800152F834
:10E9F000211031B9012101FA00F0716821EA00000B
:10EA00007060A06A18B104F11800FFF755FD06F117
:10EA100050002946FFF7BCFD94F85000012802D1B0
:10EA2000002084F85000FFF7F7FD706978B1FFF718
:10EA3000CBFD306B006828B1306BC068C06840689F
:10EA400002E000BF4FF0FF303062FFF7E5FD3068B5
:10EA5000844218BF70BD706960B1B06990B14FF069
:10EA6000500080F31188BFF36F8FBFF34F8F00BF4B
:10EA7000FEE700BF306D316988420FD10020306061
:10EA800070BD00BF4EF604504FF08051CEF2000032
:10EA90000160BFF34F8FBFF36F8F70BDB06918B1C6
:10EAA0000120B06270BD00BF0020B0627068B0FA93
:10EAB00080F0C0B241F2A821C0F11F00C2F20041B3
:10EAC00000EB800051F8202072B101EB800151F879
:10EAD000040F0A1D40680860904201D14068086038
:10EAE000C068306070BD00BF4FF0500080F31188E7
:10EAF000BFF36F8FBFF34F8FFEE7000000000000F1
:10EB000040F2D010C2F2004081690131816170474A
:10EB100040F2D010C2F20040816919B10121816236
:10EB2000704700BF002181624168B1FA81F1C9B22A
:10EB300041F2A822C1F11F01C2F2004201EB8101A2
:10EB400052F8213063B102EB810252F8041F131D09
:10EB50004968116099420DD0C9680160704700BFD3
:10EB60004FF0500080F31188BFF36F8FBFF34F8FCA
:10EB7000FEE700BF49681160C96801607047000086
:10EB8000B0B584B04EF2004C4CF27021CEF2000CC5
:10EB9000C4F20F114B1CDCF800299A420AD14FF045
:10EBA000500080F31188BFF36F8FBFF34F8F00BF0A
:10EBB000FEE700BFDCF800298A4209D14FF050007F
:10EBC00080F31188BFF36F8FBFF34F8FFEE700BF55
:10EBD0009CF800100291FF218CF800109CF80010A6
:10EBE0008DF8071040F268219DF80720C2F200411D
:10EBF00002F050020A7007224A609DF90720B2F124
:10EC0000FF3F69DC0322D31C4B609DF807004000E6
:10EC10008DF807009DF90700B0F1FF3F24DC931C3D
:10EC20004B609DF8070040008DF807009DF9070034
:10EC3000B0F1FF3FDFBF531C4B609DF80700400061
:10EC4000DEBF8DF807009DF90700B0F1FF3F0BDC38
:10EC50004A60043A9DF8070040008DF807009DF9CE
:10EC600007000028CFD4131D032B35D14FF440707B
:10EC7000486002988CF80000DCF8200940F470002D
:10EC8000CCF82009DCF8200940F07040CCF82009CD
:10EC9000FFF746FD40F244140025C2F2004425600F
:10ECA000FFF786FC4EF63470CEF20000016841F0AA
:10ECB00040410160FFF774FAFFF72AFF03952068CF
:10ECC0004FF0500181F31188BFF36F8FBFF34F8F67
:10ECD00001300DD0FEE700BF4FF0500080F31188E7
:10ECE000BFF36F8FBFF34F8FFEE700BF039838B9B4
:10ECF000039828B90398002804BF03980028F5D08A
:10ED0000002004B0B0BD00002DE9F04383B00746F9
:10ED10009000984615468946FFF776FAF8B1064600
:10ED20005420FFF771FAB8B104460022DDE90A1059
:10ED30002663434684F851202A46CDE90010384620
:10ED400049460294FFF79CF92046FFF7D5F80120C9
:10ED500003B0BDE8F08300BF3046FFF775FC4FF00D
:10ED6000FF3003B0BDE8F08370B586B00B9CDCB11A
:10ED70000C9E1EB354250495049D542D28D1DDF816
:10ED800028C0049D3463022586F85150CDF800C098
:10ED900005ADCDE90156FFF773F93046FFF7ACF842
:10EDA000059806B070BD00BF4FF0500080F3118889
:10EDB000BFF36F8FBFF34F8FFEE700BF4FF05000E0
:10EDC00080F31188BFF36F8FBFF34F8FFEE700BF53
:10EDD0004FF0500080F31188BFF36F8FBFF34F8F58
:10EDE000FEE7000000000000F0B581B0D0B104469D
:10EDF0001F4616460D46FFF7E7FB002F4FF00201B6
:10EE00001CBFE06C386094F85000042E84F8501059
:10EE100012D8DFE806F028031F275100E16C2943D0
:10EE20001AE000BF4FF0500080F31188BFF36F8FDE
:10EE3000BFF34F8FFEE700BFE16C013113D04FF0FD
:10EE4000500080F31188BFF36F8FBFF34F8F00BF67
:10EE5000FEE700BFE16C0131E16401284FF00105DC
:10EE60002DD104E0E56401284FF0010527D1261DCE
:10EE70003046FFF721FBE06A05FA00F140F2D015B9
:10EE8000C2F2004500EB80006A68114341F2A822FB
:10EE9000C2F20042696002EB80003146FFF778FB66
:10EEA000A06A88B14FF0500080F31188BFF36F8FD4
:10EEB000BFF34F8FFEE700BF02281BD10025FFF7ED
:10EEC000ABFB284601B0F0BDE06A2968C96A8842F8
:10EED00016D94EF604504FF08051CEF200000125B5
:10EEE0000160BFF34F8FBFF36F8FFFF795FB28468D
:10EEF00001B0F0BDE56401284FF00105DFD1B6E7B0
:10EF00000125FFF789FB284601B0F0BD0000000095
:10EF10002DE9F04740F2D016C2F20046B06928B1A0
:10EF2000F06A0130F0620020BDE8F087706A10F1ED
:10EF3000010AC6F824A020D3306B006850B14FF00E
:10EF4000500080F31188BFF36F8FBFF34F8F00BF66
:10EF5000FEE700BF306B716B31637063B06B0130E3
:10EF6000B063306B006828B1306BC068C06840681F
:10EF700002E000BF4FF0FF303062306A41F2A82853
:10EF80008245C2F2004801D2002434E0306B0024F4
:10EF9000006868B34FF0010916E000BFF86A7268B4
:10EFA00009FA00F100EB800011437160294608EB7B
:10EFB0008000FFF7EDFAF86A3168C96A326B88425F
:10EFC000106828BF4C4698B1306BC068C7683D4692
:10EFD00055F8040F82450DD32846FFF76DFAB86A3D
:10EFE0000028DBD007F11800FFF766FAD6E700BF6C
:10EFF0004FF0FF3030623068C06A00EB800058F894
:10F000002000012888BF0124B06A002818BF01240D
:10F010002046BDE8F08700002DE9F04140F2D01510
:10F02000C2F20045A86968B1FFF7CEFAA8690138B5
:10F03000A861A86980B10024FFF7EEFA2046BDE878
:10F04000F08100BF4FF0500080F31188BFF36F8F45
:10F05000BFF34F8FFEE700BF28690028EBD0686E32
:10F0600078B341F2A8280126C2F20048286FC76889
:10F0700007F11800FFF720FA3C1D2046FFF71CFAA5
:10F08000F86A6A6806FA00F100EB800011436960D3
:10F09000214608EB8000FFF77BFAF86A2968C96A05
:10F0A000884228BFAE62686E0028DFD1286B0068F6
:10F0B00020B1286BC068C068406801E04FF0FF30A5
:10F0C0002862EC6A4CB10126FFF722FF002818BF26
:10F0D000AE62013CF8D10020E862A86A0028AAD0FC
:10F0E0004EF604504FF08051CEF200000124016032
:10F0F000BFF34F8FBFF36F8FFFF78EFA2046BDE847
:10F10000F0810000000000002DE9F041E0B105466B
:10F11000FFF722FB40F2D016EFF311874FF05000BB
:10F1200080F31188BFF36F8FBFF34F8FC2F2004699
:10F13000686906F15001884210D0002487F31188D5
:10F140002046BDE8F08100BF4FF0500080F31188E9
:10F15000BFF36F8FBFF34F8FFEE700BFA86A28B1E0
:10F16000002487F311882046BDE8F081B06958B1CA
:10F1700005F1180106F16400FFF70AFA002487F38D
:10F1800011882046BDE8F081E86A316805F104087D
:10F190000024C96A8842404628BF0124FFF78CF941
:10F1A000E86A01218140726800EB8000114341F25E
:10F1B000A8227160C2F20042414602EB8000FFF7D4
:10F1C000E7F987F311882046BDE8F081F1EE100AD7
:10F1D0004FF6FF71C0F2C03120EA010040F04070EC
:10F1E000E1EE100A7047000000000000000000007F
:10F1F000000000000000000000000000010000000E
:10F2000002000000030000000400000000000000F5
:10F2100005000000000000000000000000000000E9
:10F2200006000000000000000000000000000000D8
:10F2300007000000CEFC0008B99D00080000000097
:10F2400000000000000100000000000000000000BD
:10F25000BBFC000829A2000800000000000000001C
:10F26000000200000000000000000000A8FC0008F0
:10F2700059A30008FFFF000000000000800000000C
:10F280000000000000000000E1FC0008E9A4000804
:10F29000000000000000000000020000000000006C
:10F2A00000000000F6FC0008F9AB000800000000B8
:10F2B00000000000800000000000000000000000CE
:10F2C000000408102040010408102040005EBCE249
:10F2D000613FDD83C29C7E20A3FD1F419DC3217F32
:10F2E000FCA2401E5F01E3BD3E6082DC237D9FC126
:10F2F000421CFEA0E1BF5D0380DE3C62BEE0025C1A
:10F30000DF81633D7C22C09E1D43A1FF4618FAA405
:10F3100027799BC584DA3866E5BB5907DB856739F1
:10F32000BAE406581947A5FB7826C49A653BD987E5
:10F33000045AB8E6A7F91B45C6987A24F8A6441AD9
:10F3400099C7257B3A6486D85B05E7B98CD2306EC5
:10F35000EDB3510F4E10F2AC2F7193CD114FADF3B1
:10F36000702ECC92D38D6F31B2EC0E50AFF1134DA5
:10F37000CE90722C6D33D18F0C52B0EE326C8ED099
:10F38000530DEFB1F0AE4C1291CF2D73CA94762885
:10F39000ABF517490856B4EA6937D58B5709EBB571
:10F3A00036688AD495CB2977F4AA4816E9B7550B65
:10F3B00088D6346A2B7597C94A14F6A8742AC89659
:10F3C000154BA9F7B6E80A54D7896B350000000041
:10F3D0000102030401020304060708090000803F3C
:10F3E000000000000000000000000000000000001D
:10F3F00000000000000000000000803F000000004E
:10F4000000000000000000000000000000000000FC
:10F41000000000000000803F00000000000000002D
:10F4200000000000000000000000000000000000DC
:10F430000000803F0000000000000000000000000D
:10F440000000000000000000000000000000803FFD
:10F4500000000000000000000000000000000000AC
:10F4600000000000000000000000803F01000200DA
:10F470000400060008000A000C00100020004000F4
:10F48000800000010001020304050607080C1014A7
:10F4900018203040010101030701000008040204A4
:10F4A0000801010100000000920E493CB10AC93C6C
:10F4B0002BC3163D2EFB483D752B7B3D04A9963D85
:10F4C00080B6AF3D36BDC83D2FBCE13D73B2FA3DBD
:10F4D00087CF093E8340163EB5AB223EA2102F3E99
:10F4E000CF6E3B3EC2C5473E0115543E135C603EA5
:10F4F0007F9A6C3ECCCF783EC07D823E938E883E14
:10F50000229A8E3E32A0943E86A09A3EE59AA03E74
:10F51000128FA63ED47CAC3EEF63B23E2A44B83E86
:10F52000491DBE3E15EFC33E53B9C93ECA7BCF3E0F
:10F530004136D53E80E8DA3E4F92E03E7533E63EF6
:10F54000BBCBEB3EEA5AF13ECBE0F63E275DFC3EFC
:10F55000E4E7003F3D9C033F824B063F9BF5083F9D
:10F560006B9A0B3FDA390E3FCDD3103F2A68133F19
:10F57000D9F6153FC07F183FC6021B3FD17F1D3F04
:10F58000CBF61F3F9967223F25D2243F5636273FAF
:10F590001594293F4AEB2B3FDE3B2E3FBB85303F86
:10F5A000C9C8323FF304353F233A373F4268393FF9
:10F5B0003B8F3B3FF9AE3D3F67C73F3F70D8413F70
:10F5C00001E2433F03E4453F65DE473F12D1493F37
:10F5D000F8BB4B3F029F4D3F207A4F3F3D4D513F7F
:10F5E0004918533F31DB543FE595563F5348583F48
:10F5F0006AF2593F1A945B3F532D5D3F05BE5E3F53
:10F600002146603F97C5613F5A3C633F59AA643F1A
:10F61000880F663FD86B673F3CBF683FA7096A3FCA
:10F620000C4B6B3F5E836C3F93B26D3F9ED86E3F39
:10F6300073F56F3F0809713F5213723F4714733FD0
:10F64000DD0B743F0BFA743FC6DE753F07BA763F99
:10F65000C58B773FF853783F9812793F9DC7793F24
:10F6600002737A3FBE147B3FCDAC7B3F283B7C3F8F
:10F67000C9BF7C3FAC3A7D3FCCAB7D3F23137E3F7F
:10F68000B0707E3F6DC47E3F580E7F3F6D4E7F3F12
:10F69000AB847F3F0FB17F3F97D37F3F43EC7F3FEA
:10F6A00011FB7F3F0000803F11FB7F3F43EC7F3F1A
:10F6B00097D37F3F0FB17F3FAB847F3F6D4E7F3F3E
:10F6C000580E7F3F6DC47E3FB0707E3F23137E3F58
:10F6D000CCAB7D3FAC3A7D3FC9BF7C3F283B7C3FF4
:10F6E000CDAC7B3FBE147B3F02737A3F9DC7793F11
:10F6F0009812793FF853783FC58B773F07BA763F2A
:10F70000C6DE753F0BFA743FDD0B743F4714733F41
:10F710005213723F0809713F73F56F3F9ED86E3FD9
:10F7200093B26D3F5E836C3F0C4B6B3FA7096A3F02
:10F730003CBF683FD86B673F880F663F59AA643F5C
:10F740005A3C633F97C5613F2146603F05BE5E3F1F
:10F75000532D5D3F1A945B3F6AF2593F5348583F1F
:10F76000E595563F31DB543F4918533F3D4D513FDE
:10F77000207A4F3F029F4D3FF8BB4B3F12D1493F8C
:10F7800065DE473F03E4453F01E2433F70D8413F18
:10F7900067C73F3FF9AE3D3F3B8F3B3F4268393F34
:10F7A000233A373FF304353FC9C8323FBB85303F6A
:10F7B000DE3B2E3F4AEB2B3F1594293F5636273F21
:10F7C00025D2243F9967223FCBF61F3FD17F1D3FB3
:10F7D000C6021B3FC07F183FD9F6153F2A68133F6A
:10F7E000CDD3103FDA390E3F6B9A0B3F9BF5083FA4
:10F7F000824B063F3D9C033FE4E7003F275DFC3E14
:10F80000CBE0F63EEA5AF13EBBCBEB3E7533E63E2B
:10F810004F92E03E80E8DA3E4136D53ECA7BCF3E8D
:10F8200053B9C93E15EFC33E491DBE3E2A44B83EFA
:10F83000EF63B23ED47CAC3E128FA63EE59AA03E6A
:10F8400086A09A3E32A0943E229A8E3E938E883EA7
:10F85000C07D823ECCCF783E7F9A6C3E135C603E8A
:10F860000115543EC2C5473ECF6E3B3EA2102F3E0F
:10F87000B5AB223E8340163E87CF093E73B2FA3DB8
:10F880002FBCE13D36BDC83D80B6AF3D04A9963DD5
:10F89000752B7B3D2EFB483D2BC3163DB10AC93C61
:10F8A000920E493C00000000920E49BCB10AC9BC4E
:10F8B0002BC316BD2EFB48BD752B7BBD04A996BD81
:10F8C00080B6AFBD36BDC8BD2FBCE1BD73B2FABDB9
:10F8D00087CF09BE834016BEB5AB22BEA2102FBE95
:10F8E000CF6E3BBEC2C547BE011554BE135C60BEA1
:10F8F0007F9A6CBECCCF78BEC07D82BE938E88BE10
:10F90000229A8EBE32A094BE86A09ABEE59AA0BE70
:10F91000128FA6BED47CACBEEF63B2BE2A44B8BE82
:10F92000491DBEBE15EFC3BE53B9C9BECA7BCFBE0B
:10F930004136D5BE80E8DABE4F92E0BE7533E6BEF2
:10F94000BBCBEBBEEA5AF1BECBE0F6BE275DFCBEF8
:10F95000E4E700BF3D9C03BF824B06BF9BF508BF99
:10F960006B9A0BBFDA390EBFCDD310BF2A6813BF15
:10F97000D9F615BFC07F18BFC6021BBFD17F1DBF00
:10F98000CBF61FBF996722BF25D224BF563627BFAB
:10F99000159429BF4AEB2BBFDE3B2EBFBB8530BF82
:10F9A000C9C832BFF30435BF233A37BF426839BFF5
:10F9B0003B8F3BBFF9AE3DBF67C73FBF70D841BF6C
:10F9C00001E243BF03E445BF65DE47BF12D149BF33
:10F9D000F8BB4BBF029F4DBF207A4FBF3D4D51BF7B
:10F9E000491853BF31DB54BFE59556BF534858BF44
:10F9F0006AF259BF1A945BBF532D5DBF05BE5EBF4F
:10FA0000214660BF97C561BF5A3C63BF59AA64BF16
:10FA1000880F66BFD86B67BF3CBF68BFA7096ABFC6
:10FA20000C4B6BBF5E836CBF93B26DBF9ED86EBF35
:10FA300073F56FBF080971BF521372BF471473BFCC
:10FA4000DD0B74BF0BFA74BFC6DE75BF07BA76BF95
:10FA5000C58B77BFF85378BF981279BF9DC779BF20
:10FA600002737ABFBE147BBFCDAC7BBF283B7CBF8B
:10FA7000C9BF7CBFAC3A7DBFCCAB7DBF23137EBF7B
:10FA8000B0707EBF6DC47EBF580E7FBF6D4E7FBF0E
:10FA9000AB847FBF0FB17FBF97D37FBF43EC7FBFE6
:10FAA00011FB7FBF000080BF11FB7FBF43EC7FBF16
:10FAB00097D37FBF0FB17FBFAB847FBF6D4E7FBF3A
:10FAC000580E7FBF6DC47EBFB0707EBF23137EBF54
:10FAD000CCAB7DBFAC3A7DBFC9BF7CBF283B7CBFF0
:10FAE000CDAC7BBFBE147BBF02737ABF9DC779BF0D
:10FAF000981279BFF85378BFC58B77BF07BA76BF26
:10FB0000C6DE75BF0BFA74BFDD0B74BF471473BF3D
:10FB1000521372BF080971BF73F56FBF9ED86EBFD5
:10FB200093B26DBF5E836CBF0C4B6BBFA7096ABFFE
:10FB30003CBF68BFD86B67BF880F66BF59AA64BF58
:10FB40005A3C63BF97C561BF214660BF05BE5EBF1B
:10FB5000532D5DBF1A945BBF6AF259BF534858BF1B
:10FB6000E59556BF31DB54BF491853BF3D4D51BFDA
:10FB7000207A4FBF029F4DBFF8BB4BBF12D149BF88
:10FB800065DE47BF03E445BF01E243BF70D841BF14
:10FB900067C73FBFF9AE3DBF3B8F3BBF426839BF30
:10FBA000233A37BFF30435BFC9C832BFBB8530BF66
:10FBB000DE3B2EBF4AEB2BBF159429BF563627BF1D
:10FBC00025D224BF996722BFCBF61FBFD17F1DBFAF
:10FBD000C6021BBFC07F18BFD9F615BF2A6813BF66
:10FBE000CDD310BFDA390EBF6B9A0BBF9BF508BFA0
:10FBF000824B06BF3D9C03BFE4E700BF275DFCBE10
:10FC0000CBE0F6BEEA5AF1BEBBCBEBBE7533E6BE27
:10FC10004F92E0BE80E8DABE4136D5BECA7BCFBE89
:10FC200053B9C9BE15EFC3BE491DBEBE2A44B8BEF6
:10FC3000EF63B2BED47CACBE128FA6BEE59AA0BE66
:10FC400086A09ABE32A094BE229A8EBE938E88BEA3
:10FC5000C07D82BECCCF78BE7F9A6CBE135C60BE86
:10FC6000011554BEC2C547BECF6E3BBEA2102FBE0B
:10FC7000B5AB22BE834016BE87CF09BE73B2FABDB4
:10FC80002FBCE1BD36BDC8BD80B6AFBD04A996BDD1
:10FC9000752B7BBD2EFB48BD2BC316BDB10AC9BC5D
:10FCA000920E49BC000000804C45445461736B00C7
:10FCB00052533438355F5461736B00494D555F546E
:10FCC00061736B004A756467655461736B004265CC
:10FCD00065705461736B004572726F725461736B1F
:10FCE000004D6F746F725461736B0044657465638B
:10FCF000745461736B0064656661756C74546173F0
:10FD00006B005375706572436170000000008911CB
:10FD100012239B322446AD573665BF74488CC19D73
:10FD20005AAFD3BE6CCAE5DB7EE9F7F88110080153
:10FD300093331A22A5562C47B7753E64C99C408D53
:10FD4000DBBF52AEEDDA64CBFFF976E802218B30EF
:10FD5000100299132667AF763444BD554AADC3BC33
:10FD6000588ED19F6EEBE7FA7CC8F5D983310A2013
:10FD700091121803A7772E66B5543C45CBBD42AC13
:10FD8000D99E508FEFFB66EAFDD874C904428D53AB
:10FD900016619F702004A9153227BB364CCEC5DFF3
:10FDA0005EEDD7FC6888E1997AABF3BA85520C43D3
:10FDB00097711E60A1142805B3373A26CDDE44CFD3
:10FDC000DFFD56ECE9986089FBBB72AA06638F726F
:10FDD00014409D512225AB343006B9174EEFC7FEB3
:10FDE0005CCCD5DD6AA9E3B8788AF19B87730E6293
:10FDF00095501C41A3352A24B1163807CFFF46EE93
:10FE0000DDDC54CDEBB962A8F99A708B088481953A
:10FE10001AA793B62CC2A5D33EE1B7F04008C91982
:10FE2000522BDB3A644EED5F766DFF7C8994008542
:10FE30009BB712A6ADD224C3BFF136E0C118480962
:10FE4000D33B5A2AE55E6C4FF77D7E6C0AA583B4DE
:10FE5000188691972EE3A7F23CC0B5D14229CB3842
:10FE6000500AD91B666FEF7E744CFD5D8BB502A402
:10FE700099961087AFF326E2BDD034C1C3394A2822
:10FE8000D11A580BE77F6E6EF55C7C4D0CC685D79A
:10FE90001EE597F42880A1913AA3B3B2444ACD5B02
:10FEA0005669DF78600CE91D722FFB3E8DD604C7C2
:10FEB0009FF516E4A9902081BBB332A2C55A4C4BE2
:10FEC000D7795E68E11C680DF33F7A2E0EE787F65E
:10FED0001CC495D52AA1A3B03882B193466BCF7AC2
:10FEE0005448DD59622DEB3C700EF91F8FF706E682
:10FEF0009DD414C5ABB122A0B9923083C77B4E6AA2
:10FF0000D5585C49E33D6A2CF11E780F7D04017CD5
:10FF1000000240AB034100055308065804070F00D8
:10FF20000810820911000A15800B16000C18010D2B
:10FF300060FF0008000000244801000008030008DA
:10FF400088FF000848010024F0B90100640300089C
:10FF500000000000000000000000000000000000A1
:10FF600001A0320142102C90D0030433FFFF080897
:10FF70001250C347CDCCCC3D0409531C110B1AC8F9
:08FF8000421C1AAA0100000056
:04000005080002CD20
:00000001FF
